Id,Age,Job,Marital,Education,Default,Balance,HHInsurance,CarLoan,Communication,LastContactDay,LastContactMonth,NoOfContacts,DaysPassed,PrevAttempts,Outcome,CallStart,CallEnd
4001,25,admin.,single,secondary,0,1,1,1,NA,12,may,12,-1,0,NA,17.17.42,17.18.06
4002,40,management,married,tertiary,0,0,1,1,cellular,24,jul,1,-1,0,NA,9.13.44,9.14.37
4003,44,management,single,tertiary,0,-1313,1,1,cellular,15,may,10,-1,0,NA,15.24.07,15.25.51
4004,27,services,single,secondary,0,6279,1,0,cellular,9,nov,1,-1,0,NA,9.43.44,9.48.01
4005,53,technician,married,secondary,0,7984,1,0,cellular,2,feb,1,-1,0,NA,16.31.51,16.34.22
4006,28,management,single,tertiary,0,12956,1,0,cellular,2,jul,1,399,3,success,10.14.11,10.29.51
4007,39,blue-collar,married,secondary,0,1044,1,0,cellular,2,feb,1,-1,0,NA,11.30.35,11.33.13
4008,50,management,married,tertiary,0,414,1,0,cellular,3,apr,1,302,3,failure,9.06.17,9.18.04
4009,56,management,divorced,tertiary,0,408,1,0,NA,27,may,1,-1,0,NA,16.26.09,16.30.43
4010,36,self-employed,married,secondary,0,1006,1,0,cellular,21,nov,2,-1,0,NA,13.51.12,13.52.41
4011,45,self-employed,married,secondary,0,571,1,0,cellular,19,aug,5,-1,0,NA,13.16.04,13.22.05
4012,38,technician,married,tertiary,0,4383,0,0,cellular,4,feb,4,-1,0,NA,14.10.40,14.33.41
4013,41,blue-collar,married,secondary,0,1236,1,0,cellular,11,may,3,-1,0,NA,12.35.46,12.50.57
4014,57,technician,married,secondary,0,109,0,0,cellular,25,aug,4,-1,0,NA,16.28.18,16.30.22
4015,29,management,married,tertiary,0,168,1,0,NA,28,may,1,-1,0,NA,10.44.12,10.46.11
4016,38,technician,married,tertiary,0,1092,1,0,NA,21,may,1,-1,0,NA,17.47.39,17.52.56
4017,53,housemaid,married,primary,0,104,0,1,NA,5,jun,1,-1,0,NA,9.07.21,9.19.02
4018,60,retired,married,secondary,0,781,1,1,cellular,12,aug,5,-1,0,NA,13.43.20,13.45.28
4019,43,self-employed,married,tertiary,0,10072,0,0,cellular,12,may,1,77,5,failure,10.37.11,10.38.49
4020,36,admin.,married,tertiary,0,1145,1,0,cellular,29,mar,2,181,3,failure,10.58.53,11.02.11
4021,28,services,single,secondary,0,6332,1,0,telephone,7,may,1,343,4,failure,12.37.45,12.40.14
4022,68,retired,married,secondary,0,0,0,0,cellular,22,jun,1,-1,0,NA,17.34.13,17.43.59
4023,47,NA,married,NA,0,194,0,0,cellular,4,aug,1,-1,0,NA,16.43.55,16.45.43
4024,43,entrepreneur,married,secondary,0,469,0,1,cellular,20,aug,2,-1,0,NA,17.08.17,17.09.46
4025,36,admin.,married,secondary,0,-206,1,0,cellular,2,feb,1,-1,0,NA,14.37.48,14.39.50
4026,34,blue-collar,married,secondary,0,2137,0,0,NA,9,may,4,-1,0,NA,15.34.28,15.38.33
4027,31,management,married,tertiary,0,81,1,0,cellular,29,oct,2,-1,0,NA,13.57.40,14.00.24
4028,59,technician,divorced,secondary,0,2396,0,0,cellular,20,nov,1,-1,0,NA,9.35.04,9.43.12
4029,40,blue-collar,married,secondary,0,4853,0,0,cellular,31,jul,2,-1,0,NA,13.53.11,13.57.05
4030,46,admin.,married,secondary,0,547,0,1,cellular,4,aug,2,-1,0,NA,9.26.40,9.28.34
4031,44,blue-collar,married,NA,0,3373,1,0,cellular,20,apr,2,342,1,failure,14.26.57,14.27.45
4032,37,technician,single,secondary,0,3326,1,0,NA,21,may,1,-1,0,NA,16.50.37,17.03.56
4033,41,services,married,secondary,0,803,1,0,cellular,9,apr,4,316,3,failure,13.55.20,14.05.12
4034,32,technician,single,secondary,0,792,0,0,cellular,29,aug,2,-1,0,NA,9.22.02,9.25.15
4035,46,blue-collar,married,primary,0,7934,1,0,NA,19,may,1,-1,0,NA,10.36.10,10.38.13
4036,42,self-employed,married,primary,0,3717,0,0,NA,20,jun,1,-1,0,NA,14.19.43,14.23.38
4037,50,services,married,secondary,0,517,1,0,NA,26,may,2,-1,0,NA,17.09.56,17.16.56
4038,64,retired,married,tertiary,0,846,0,0,cellular,11,feb,1,181,3,failure,14.49.53,15.01.04
4039,46,blue-collar,married,NA,0,336,1,0,cellular,14,aug,3,457,1,other,12.19.25,12.23.45
4040,38,blue-collar,married,secondary,0,384,1,0,NA,6,may,3,-1,0,NA,17.46.35,18.18.21
4041,49,technician,divorced,secondary,0,-1547,1,1,NA,27,may,3,-1,0,NA,17.24.53,17.33.05
4042,52,blue-collar,married,NA,0,0,1,0,cellular,9,jul,1,-1,0,NA,16.09.16,16.34.02
4043,32,blue-collar,divorced,primary,0,88,1,0,NA,8,may,3,-1,0,NA,9.54.58,9.55.15
4044,59,admin.,married,secondary,0,-396,1,0,NA,26,may,1,-1,0,NA,14.39.02,14.42.26
4045,33,technician,single,tertiary,0,109,1,1,cellular,25,may,2,10,7,failure,11.31.23,11.41.24
4046,45,management,married,secondary,0,0,1,1,cellular,28,jan,1,-1,0,NA,17.16.09,17.26.34
4047,60,retired,married,secondary,0,11,0,0,cellular,29,jun,1,586,2,failure,10.10.08,10.14.33
4048,60,blue-collar,married,primary,0,4903,0,1,NA,9,jun,1,-1,0,NA,17.57.15,18.02.05
4049,47,admin.,divorced,secondary,0,225,0,0,cellular,28,aug,4,-1,0,NA,13.28.58,13.47.44
4050,40,admin.,single,secondary,0,816,0,0,cellular,31,jul,8,-1,0,NA,15.16.50,15.18.44
4051,34,technician,divorced,secondary,0,259,0,0,cellular,11,aug,2,-1,0,NA,13.16.21,13.21.37
4052,37,admin.,divorced,secondary,0,295,1,1,cellular,11,may,3,265,2,failure,11.59.50,12.03.12
4053,37,admin.,divorced,secondary,0,34,1,0,NA,9,may,3,-1,0,NA,15.27.55,15.30.19
4054,37,management,single,tertiary,0,156,0,0,cellular,5,feb,10,-1,0,NA,13.34.19,13.34.26
4055,33,technician,single,secondary,0,211,1,1,cellular,6,feb,2,-1,0,NA,15.31.11,15.34.48
4056,79,retired,married,secondary,0,723,0,0,telephone,9,sep,1,79,3,failure,16.00.13,16.04.49
4057,61,admin.,married,secondary,0,1046,1,0,cellular,21,aug,1,-1,0,NA,13.50.02,13.52.40
4058,34,unemployed,single,tertiary,0,1974,0,0,cellular,22,jul,1,342,3,success,12.21.41,12.27.36
4059,33,entrepreneur,single,tertiary,0,99,0,1,cellular,31,jul,3,-1,0,NA,17.21.56,17.25.08
4060,35,self-employed,married,secondary,0,188,1,1,NA,5,jun,2,-1,0,NA,9.49.44,10.20.49
4061,34,management,single,tertiary,0,13014,0,0,cellular,12,feb,1,183,1,success,15.42.39,15.53.16
4062,41,blue-collar,single,primary,0,1618,1,0,NA,14,may,1,-1,0,NA,9.31.10,9.57.03
4063,25,services,married,secondary,0,806,1,1,cellular,15,may,2,-1,0,NA,10.12.17,10.15.30
4064,40,management,single,tertiary,0,0,0,1,cellular,17,nov,1,-1,0,NA,11.41.57,11.52.54
4065,45,management,single,tertiary,0,2532,0,0,cellular,29,jul,6,-1,0,NA,14.05.15,14.06.19
4066,39,management,single,secondary,0,113,1,0,telephone,27,aug,9,-1,0,NA,16.11.12,16.11.35
4067,47,retired,married,primary,0,1374,0,1,telephone,8,may,2,359,3,failure,16.16.01,16.24.00
4068,33,technician,single,secondary,0,1994,1,0,NA,2,jun,9,-1,0,NA,15.23.02,15.23.59
4069,32,admin.,married,secondary,0,51,1,1,cellular,14,jan,1,87,2,other,12.09.40,12.13.03
4070,43,management,divorced,tertiary,0,2367,0,0,cellular,22,mar,2,181,4,success,16.37.36,16.40.29
4071,56,technician,married,tertiary,0,272,0,0,cellular,26,aug,2,-1,0,NA,10.09.56,10.11.39
4072,28,management,single,secondary,0,292,1,1,telephone,5,feb,1,-1,0,NA,11.27.19,11.27.58
4073,35,management,married,tertiary,0,-468,1,0,cellular,30,jul,8,-1,0,NA,17.11.25,17.20.25
4074,30,technician,single,secondary,0,863,1,0,NA,16,may,5,-1,0,NA,9.14.42,9.34.35
4075,50,management,single,tertiary,0,3537,0,0,NA,24,oct,1,-1,0,NA,12.18.28,12.23.33
4076,34,blue-collar,married,secondary,0,649,1,0,cellular,6,may,1,363,1,other,17.14.56,17.18.40
4077,51,technician,married,NA,0,413,1,0,telephone,28,jan,2,254,2,failure,11.36.27,11.37.49
4078,58,retired,divorced,tertiary,0,1321,0,0,telephone,29,jul,6,-1,0,NA,15.06.59,15.09.36
4079,38,admin.,married,secondary,0,0,1,0,cellular,8,sep,1,92,3,success,13.03.58,13.07.28
4080,52,services,married,secondary,0,-1,0,1,NA,26,jun,3,-1,0,NA,10.09.13,10.11.31
4081,50,management,single,tertiary,0,709,1,0,cellular,8,may,1,-1,0,NA,12.25.16,12.28.43
4082,46,NA,married,NA,0,2367,0,0,NA,6,jun,3,-1,0,NA,16.04.53,16.06.19
4083,24,admin.,single,secondary,0,753,1,0,cellular,30,mar,15,-1,0,NA,15.55.37,15.59.56
4084,33,management,single,tertiary,0,6807,0,0,cellular,21,oct,2,184,1,success,12.45.44,12.54.16
4085,28,admin.,single,secondary,0,261,1,1,cellular,29,jan,3,142,6,success,15.03.02,15.07.16
4086,45,blue-collar,married,secondary,0,8680,1,0,NA,13,may,1,-1,0,NA,10.31.54,10.40.17
4087,35,self-employed,single,tertiary,0,353,0,0,cellular,12,aug,1,-1,0,NA,17.01.58,17.11.40
4088,39,technician,married,tertiary,0,508,0,0,cellular,4,mar,1,122,3,failure,10.45.54,10.53.05
4089,51,management,married,tertiary,0,0,1,0,NA,16,may,5,-1,0,NA,13.03.54,13.04.53
4090,26,blue-collar,single,secondary,1,81,0,1,cellular,8,jul,2,-1,0,NA,12.26.25,12.39.48
4091,44,blue-collar,married,primary,0,-101,1,0,cellular,15,may,1,366,4,failure,13.58.52,14.10.11
4092,31,blue-collar,single,secondary,0,183,0,0,cellular,27,aug,4,-1,0,NA,16.39.01,16.41.01
4093,58,management,divorced,tertiary,0,5037,1,0,cellular,18,nov,2,-1,0,NA,11.39.15,12.03.12
4094,27,blue-collar,single,tertiary,0,644,0,0,cellular,2,jun,1,182,1,success,17.57.29,18.08.26
4095,31,blue-collar,married,secondary,0,671,1,0,NA,18,jun,4,-1,0,NA,15.37.30,15.49.14
4096,33,management,single,tertiary,0,1271,1,0,cellular,15,apr,3,330,1,failure,12.18.43,12.29.19
4097,59,retired,married,secondary,0,2396,0,0,cellular,27,aug,6,-1,0,NA,10.05.57,10.23.17
4098,42,management,divorced,NA,0,7702,0,0,cellular,16,feb,2,-1,0,NA,12.03.18,12.05.36
4099,26,admin.,single,secondary,0,102,0,1,cellular,8,jul,2,-1,0,NA,13.27.34,13.38.32
4100,36,blue-collar,married,primary,0,828,0,0,cellular,13,may,1,345,8,failure,14.29.40,14.54.52
4101,40,management,single,tertiary,0,-199,1,1,NA,30,may,1,-1,0,NA,14.51.44,14.53.33
4102,59,technician,married,secondary,0,7766,1,0,cellular,25,feb,1,461,1,failure,16.42.28,17.06.10
4103,28,blue-collar,single,secondary,0,322,0,0,telephone,11,sep,2,95,3,other,15.51.37,15.55.37
4104,33,technician,single,tertiary,0,0,0,0,cellular,14,aug,2,-1,0,NA,12.50.55,12.52.28
4105,46,blue-collar,married,primary,0,6150,1,0,cellular,20,nov,2,-1,0,NA,11.21.08,11.23.45
4106,25,management,single,tertiary,0,155,1,0,telephone,28,jul,3,-1,0,NA,16.52.25,16.55.38
4107,33,management,single,tertiary,0,923,1,0,NA,30,may,6,-1,0,NA,12.17.38,12.19.36
4108,39,management,single,primary,0,375,0,0,telephone,31,jul,2,-1,0,NA,9.01.40,9.03.00
4109,40,admin.,married,secondary,0,2591,1,1,cellular,7,apr,1,266,2,other,11.45.56,11.52.25
4110,35,blue-collar,married,NA,0,1201,0,0,NA,18,jun,1,-1,0,NA,17.48.52,17.57.49
4111,32,management,married,tertiary,0,2667,1,0,cellular,4,mar,1,181,4,failure,15.49.12,15.53.23
4112,37,admin.,married,tertiary,0,2741,0,0,NA,16,jun,4,-1,0,NA,9.17.52,9.21.16
4113,31,services,single,secondary,0,0,1,0,cellular,17,apr,2,-1,0,NA,16.02.30,16.16.05
4114,33,admin.,married,secondary,0,13160,0,0,cellular,10,jul,1,-1,0,NA,14.25.20,14.28.52
4115,39,technician,married,secondary,0,251,1,0,cellular,17,jul,2,-1,0,NA,12.17.05,12.22.47
4116,34,student,single,NA,0,5969,0,0,cellular,23,jun,2,292,10,failure,10.32.04,10.39.26
4117,30,blue-collar,single,secondary,0,332,0,0,cellular,14,jul,3,-1,0,NA,11.25.44,11.33.29
4118,23,blue-collar,single,secondary,0,780,1,0,cellular,15,may,1,-1,0,NA,13.11.17,13.18.13
4119,42,blue-collar,married,secondary,0,-336,1,0,cellular,14,jul,2,-1,0,NA,12.30.45,12.33.16
4120,28,management,single,tertiary,1,1414,1,0,cellular,8,jul,1,521,1,failure,15.21.27,15.26.21
4121,26,unemployed,single,tertiary,0,3511,0,0,cellular,30,apr,2,-1,0,NA,9.27.34,9.34.53
4122,55,blue-collar,married,secondary,0,1569,1,0,cellular,8,may,4,-1,0,NA,9.10.19,9.12.55
4123,31,admin.,single,secondary,0,223,1,0,cellular,17,apr,1,315,11,success,9.31.45,9.40.13
4124,30,admin.,single,secondary,0,914,1,0,cellular,28,oct,3,272,1,failure,14.26.35,14.35.19
4125,31,technician,single,secondary,0,0,1,0,cellular,31,jul,34,-1,0,NA,9.53.34,9.53.50
4126,32,management,single,tertiary,0,26,0,0,cellular,10,jul,6,-1,0,NA,17.12.14,17.13.09
4127,29,blue-collar,single,secondary,0,369,1,0,cellular,4,may,5,346,3,failure,16.44.20,16.47.14
4128,26,technician,single,tertiary,0,152,0,0,cellular,30,jan,2,2,1,other,9.07.50,9.10.21
4129,44,management,single,tertiary,0,483,0,0,cellular,6,mar,2,199,6,success,16.03.38,16.07.05
4130,35,technician,married,secondary,0,0,1,0,cellular,19,nov,4,-1,0,NA,14.39.44,14.50.28
4131,47,technician,married,secondary,0,293,0,0,cellular,1,jun,1,90,1,success,10.40.23,10.44.34
4132,32,services,married,secondary,0,38,1,0,cellular,15,may,1,-1,0,NA,15.09.39,15.22.03
4133,34,blue-collar,married,secondary,0,634,0,1,cellular,12,may,3,-1,0,NA,15.40.24,15.52.41
4134,46,technician,married,NA,0,3308,0,0,cellular,27,oct,1,91,2,success,9.05.51,9.08.42
4135,41,technician,divorced,secondary,0,475,1,0,cellular,28,aug,7,-1,0,NA,12.34.45,12.35.34
4136,25,services,married,secondary,0,0,1,0,cellular,24,jul,9,-1,0,NA,11.02.53,11.10.31
4137,26,unemployed,single,tertiary,0,3466,0,0,cellular,6,oct,2,-1,0,NA,14.55.39,15.00.14
4138,43,self-employed,married,secondary,0,56,1,0,cellular,8,may,3,-1,0,NA,16.21.17,16.31.29
4139,52,admin.,divorced,secondary,0,1256,1,0,cellular,1,apr,3,-1,0,NA,16.58.37,17.06.55
4140,26,self-employed,single,tertiary,0,1444,0,0,cellular,12,jun,5,-1,0,NA,12.27.50,12.30.09
4141,37,services,married,secondary,0,1399,1,0,cellular,17,apr,1,-1,0,NA,14.17.35,14.24.35
4142,42,admin.,married,secondary,0,8238,1,1,cellular,16,apr,2,149,5,other,17.56.44,17.58.26
4143,36,technician,single,secondary,0,0,0,0,cellular,21,aug,1,-1,0,NA,16.05.08,16.05.50
4144,38,self-employed,single,tertiary,0,1612,1,0,cellular,8,may,1,-1,0,NA,16.49.01,16.56.04
4145,53,retired,married,primary,0,0,0,0,cellular,30,jul,1,-1,0,NA,16.02.39,16.04.42
4146,40,technician,single,tertiary,0,39,0,0,cellular,5,aug,2,-1,0,NA,13.57.26,13.59.36
4147,54,management,married,NA,0,831,1,1,telephone,2,jul,1,125,2,other,17.03.46,17.06.05
4148,31,management,single,tertiary,0,1836,1,0,cellular,12,aug,2,-1,0,NA,10.11.08,10.14.05
4149,33,management,single,tertiary,0,373,0,1,cellular,27,jul,1,180,4,failure,16.29.35,16.34.02
4150,45,management,married,tertiary,0,4119,1,1,telephone,31,aug,2,283,1,success,17.43.18,17.51.11
4151,29,management,single,secondary,0,3317,0,1,telephone,4,may,7,-1,0,NA,16.40.30,16.51.10
4152,62,retired,married,secondary,0,3114,0,0,cellular,18,may,2,186,1,success,11.47.58,11.52.01
4153,49,management,married,secondary,0,543,1,0,NA,20,may,3,-1,0,NA,11.41.05,11.44.38
4154,34,technician,married,secondary,0,1,0,0,cellular,28,aug,2,-1,0,NA,12.09.37,12.18.32
4155,44,services,married,secondary,0,522,0,1,NA,20,jun,1,-1,0,NA,12.41.06,12.56.17
4156,41,entrepreneur,married,primary,0,39,1,0,cellular,21,nov,2,-1,0,NA,13.50.10,13.59.19
4157,28,student,single,secondary,0,5916,0,0,cellular,11,aug,1,81,6,failure,15.49.20,15.55.04
4158,37,technician,single,secondary,0,1590,1,0,cellular,9,apr,5,315,3,other,10.01.32,10.03.33
4159,56,technician,married,secondary,0,107,0,0,telephone,11,jul,4,-1,0,NA,12.56.35,12.57.27
4160,29,management,married,tertiary,0,314,0,0,NA,28,may,2,-1,0,NA,15.07.19,15.22.57
4161,29,management,single,tertiary,0,4331,0,0,cellular,7,jul,1,-1,0,NA,16.07.28,16.17.39
4162,30,blue-collar,single,secondary,0,239,1,0,NA,23,may,1,-1,0,NA,10.14.14,10.27.19
4163,32,blue-collar,married,secondary,1,-1,1,0,NA,9,may,1,-1,0,NA,12.40.13,12.51.06
4164,47,housemaid,married,primary,0,1747,1,0,cellular,20,apr,1,-1,0,NA,15.05.57,15.11.22
4165,48,management,married,secondary,1,-998,1,0,cellular,18,nov,1,-1,0,NA,15.45.42,15.48.35
4166,26,blue-collar,married,secondary,0,557,1,1,NA,27,may,2,-1,0,NA,16.10.06,16.14.48
4167,36,services,married,secondary,0,11650,1,0,telephone,29,jul,1,-1,0,NA,9.25.37,9.30.05
4168,47,admin.,divorced,secondary,0,-480,0,0,NA,28,may,1,-1,0,NA,13.13.29,13.19.29
4169,55,management,single,tertiary,0,1092,1,1,NA,15,may,4,-1,0,NA,12.03.26,12.06.48
4170,45,services,married,secondary,0,4,1,0,NA,20,jun,9,-1,0,NA,9.33.17,9.45.06
4171,24,management,single,tertiary,0,1030,0,0,cellular,4,mar,2,-1,0,NA,14.24.25,14.31.01
4172,78,retired,married,NA,0,4807,0,0,telephone,3,feb,2,104,4,success,11.35.45,11.50.37
4173,37,management,single,tertiary,0,1027,1,0,cellular,2,mar,1,152,2,success,17.54.17,17.59.30
4174,27,student,single,secondary,0,279,0,0,cellular,12,oct,1,-1,0,NA,10.01.16,10.06.39
4175,40,entrepreneur,married,tertiary,0,865,0,0,cellular,21,nov,2,-1,0,NA,11.33.33,11.36.23
4176,25,blue-collar,single,secondary,0,192,0,0,telephone,4,jul,2,-1,0,NA,10.34.15,10.36.07
4177,50,blue-collar,married,primary,0,14,1,1,NA,26,may,1,-1,0,NA,15.25.49,15.26.57
4178,33,services,married,secondary,0,404,1,0,NA,7,may,1,-1,0,NA,9.35.34,9.37.53
4179,44,admin.,married,secondary,1,-204,1,0,cellular,8,may,1,347,2,failure,17.09.21,17.11.06
4180,32,admin.,married,tertiary,0,284,1,0,cellular,29,apr,3,-1,0,NA,11.35.00,11.46.57
4181,49,admin.,married,secondary,0,387,1,0,NA,14,may,1,-1,0,NA,11.00.11,11.05.58
4182,61,retired,married,secondary,0,280,1,0,NA,15,may,3,-1,0,NA,17.52.01,17.53.29
4183,58,retired,divorced,tertiary,0,3237,0,0,telephone,31,oct,1,-1,0,NA,9.32.20,9.42.35
4184,49,blue-collar,divorced,primary,0,24,1,0,cellular,11,may,1,362,1,success,13.54.13,14.05.54
4185,31,management,married,secondary,0,1064,0,0,telephone,20,nov,1,-1,0,NA,11.50.52,11.51.52
4186,44,blue-collar,married,secondary,0,-99,1,0,NA,6,may,2,-1,0,NA,10.56.21,10.58.12
4187,43,management,married,secondary,0,107,1,1,telephone,28,oct,1,-1,0,NA,15.21.44,15.23.59
4188,33,admin.,married,secondary,0,95,1,0,cellular,30,apr,1,-1,0,NA,13.12.22,13.17.57
4189,50,blue-collar,married,primary,0,565,1,1,cellular,28,aug,3,-1,0,NA,10.35.21,10.35.57
4190,49,blue-collar,married,primary,0,217,1,0,cellular,5,feb,2,196,4,other,9.32.14,9.41.11
4191,50,unemployed,divorced,NA,0,1088,0,0,cellular,2,feb,1,-1,0,NA,11.09.34,11.22.03
4192,49,technician,married,secondary,0,788,0,0,NA,17,jun,7,-1,0,NA,11.16.38,11.19.20
4193,36,admin.,single,secondary,0,0,1,0,cellular,21,nov,2,-1,0,NA,15.50.56,15.53.15
4194,66,retired,married,secondary,0,154,0,0,cellular,15,jul,5,181,2,failure,9.10.09,9.14.37
4195,38,technician,divorced,tertiary,0,465,0,1,cellular,28,jul,3,-1,0,NA,13.26.43,13.27.13
4196,35,unemployed,married,tertiary,0,1057,1,0,cellular,8,apr,2,-1,0,NA,10.54.21,11.09.23
4197,58,services,married,secondary,0,1301,1,0,cellular,11,may,1,286,2,failure,17.01.15,17.05.36
4198,54,retired,divorced,primary,0,477,1,0,NA,19,may,4,-1,0,NA,15.46.24,15.51.59
4199,33,blue-collar,married,secondary,0,-208,1,1,cellular,4,may,3,360,1,failure,9.17.46,9.22.52
4200,30,self-employed,single,tertiary,0,916,0,0,cellular,29,dec,2,-1,0,NA,13.30.17,13.37.46
4201,39,technician,married,tertiary,0,2869,0,0,cellular,3,apr,1,-1,0,NA,13.46.08,13.48.03
4202,37,services,married,secondary,0,616,1,0,cellular,17,apr,1,-1,0,NA,10.40.39,10.40.57
4203,32,management,single,tertiary,0,2016,0,0,cellular,13,apr,1,348,1,success,13.33.10,13.37.02
4204,33,admin.,married,tertiary,0,79,1,0,cellular,5,may,1,195,4,success,15.28.17,15.34.46
4205,35,technician,married,secondary,0,294,1,0,cellular,9,mar,1,90,4,success,15.53.48,15.58.49
4206,38,technician,married,secondary,0,-228,1,0,cellular,7,jul,4,-1,0,NA,9.30.55,9.33.37
4207,79,retired,married,secondary,0,2661,0,0,cellular,10,nov,5,-1,0,NA,17.08.23,17.12.37
4208,38,admin.,divorced,secondary,0,198,1,0,NA,26,may,2,-1,0,NA,15.42.23,15.49.34
4209,54,unemployed,married,secondary,0,23,1,0,NA,8,may,3,-1,0,NA,16.06.01,16.06.28
4210,45,admin.,married,secondary,0,925,0,0,cellular,6,aug,2,-1,0,NA,10.30.31,10.37.17
4211,31,blue-collar,married,secondary,0,1716,1,0,cellular,13,apr,2,340,2,other,11.32.07,11.41.09
4212,28,technician,single,tertiary,0,2489,1,0,telephone,27,feb,2,-1,0,NA,14.33.22,14.39.04
4213,29,student,single,secondary,0,658,0,0,cellular,15,jul,2,244,4,other,14.47.33,14.50.51
4214,27,blue-collar,married,secondary,0,61,1,0,NA,19,jun,1,-1,0,NA,9.07.57,9.24.49
4215,40,entrepreneur,married,secondary,0,1349,0,0,cellular,20,nov,3,-1,0,NA,17.48.41,17.50.03
4216,49,blue-collar,married,secondary,0,3728,1,0,cellular,11,jul,2,-1,0,NA,12.04.58,12.22.38
4217,33,management,married,tertiary,0,0,1,0,NA,2,jun,1,-1,0,NA,11.53.05,11.56.48
4218,24,technician,single,secondary,0,-256,1,0,NA,26,may,2,-1,0,NA,12.37.22,12.39.12
4219,30,management,single,tertiary,0,3340,0,0,cellular,3,jun,3,-1,0,NA,11.17.47,11.21.45
4220,24,admin.,single,tertiary,0,454,1,0,cellular,15,jun,1,-1,0,NA,14.58.54,15.01.13
4221,22,student,single,secondary,0,216,0,0,cellular,6,aug,1,179,2,success,15.09.48,15.12.46
4222,35,entrepreneur,married,secondary,0,6851,1,0,cellular,19,nov,1,-1,0,NA,16.54.19,16.58.04
4223,58,retired,married,primary,0,1241,0,0,cellular,18,aug,2,-1,0,NA,17.55.46,17.59.00
4224,33,management,divorced,secondary,0,5,1,0,NA,13,may,1,-1,0,NA,9.19.27,9.41.53
4225,30,management,married,tertiary,0,1825,1,0,NA,9,may,1,-1,0,NA,9.16.17,9.19.01
4226,36,management,single,tertiary,0,1743,1,0,cellular,28,jul,2,-1,0,NA,13.58.44,14.05.52
4227,25,blue-collar,single,secondary,0,303,0,0,cellular,18,mar,1,-1,0,NA,10.04.09,10.08.34
4228,49,management,married,tertiary,0,78,1,0,cellular,8,apr,3,-1,0,NA,15.03.34,15.04.39
4229,42,blue-collar,married,primary,0,187,1,0,NA,3,jun,1,-1,0,NA,12.12.26,12.13.09
4230,41,technician,single,tertiary,0,1646,1,0,cellular,5,aug,3,92,8,success,9.12.20,9.15.12
4231,54,technician,single,tertiary,0,118,0,0,cellular,5,apr,1,-1,0,NA,10.53.27,10.58.07
4232,46,blue-collar,single,tertiary,0,283,0,0,cellular,7,apr,1,-1,0,NA,12.28.53,12.33.52
4233,36,student,single,secondary,0,904,0,0,telephone,5,feb,9,8,13,other,16.56.02,16.56.38
4234,30,student,single,tertiary,0,3026,0,0,cellular,23,jul,1,535,1,failure,14.00.29,14.04.40
4235,33,technician,divorced,secondary,0,557,1,0,cellular,20,nov,1,91,1,failure,12.06.05,12.07.34
4236,30,services,single,secondary,0,399,1,1,NA,23,may,3,-1,0,NA,17.51.56,17.54.34
4237,36,technician,single,secondary,0,380,1,0,NA,20,may,1,-1,0,NA,17.37.38,17.39.52
4238,42,technician,married,secondary,0,-245,0,1,NA,26,may,1,-1,0,NA,11.02.01,11.03.04
4239,43,blue-collar,married,secondary,0,1495,1,0,cellular,12,may,1,-1,0,NA,9.51.12,9.53.33
4240,50,blue-collar,married,secondary,0,2641,1,0,NA,30,may,3,-1,0,NA,17.05.57,17.07.34
4241,45,services,married,secondary,0,-33,0,0,cellular,28,jan,3,-1,0,NA,13.16.03,13.19.21
4242,44,management,divorced,tertiary,0,5773,0,0,NA,23,may,6,-1,0,NA,13.23.25,13.33.22
4243,25,technician,single,secondary,0,959,0,0,cellular,9,jul,5,-1,0,NA,13.05.55,13.08.19
4244,59,management,married,secondary,0,42,0,0,cellular,21,nov,1,-1,0,NA,12.56.37,12.57.17
4245,41,blue-collar,married,secondary,0,235,1,0,NA,14,may,1,-1,0,NA,17.02.19,17.05.20
4246,52,management,married,tertiary,0,193,0,0,cellular,30,apr,1,269,1,failure,16.37.05,16.43.26
4247,59,technician,married,secondary,0,4263,0,1,cellular,20,nov,2,-1,0,NA,10.34.48,10.41.54
4248,53,technician,married,secondary,0,195,1,0,cellular,19,may,1,90,6,success,10.20.32,10.28.24
4249,46,student,single,NA,0,1527,0,0,cellular,8,sep,3,184,1,success,12.14.17,12.20.15
4250,32,blue-collar,married,primary,0,424,1,0,NA,19,may,2,-1,0,NA,9.38.48,9.44.01
4251,68,retired,divorced,primary,0,2027,0,0,cellular,14,sep,2,91,4,success,15.18.47,15.25.31
4252,37,services,single,secondary,0,23,1,0,cellular,28,jun,1,182,1,failure,10.52.56,10.56.13
4253,31,technician,single,tertiary,0,244,0,0,cellular,25,aug,4,-1,0,NA,11.47.07,11.49.57
4254,47,self-employed,married,tertiary,0,1917,0,0,NA,20,jun,2,-1,0,NA,15.45.23,15.46.02
4255,34,management,single,tertiary,0,2187,1,0,cellular,4,may,5,-1,0,NA,16.32.53,16.33.19
4256,46,admin.,married,primary,0,96,0,0,telephone,4,feb,2,-1,0,NA,9.51.04,9.53.35
4257,52,technician,married,secondary,0,195,1,0,cellular,18,feb,1,63,5,failure,14.49.36,14.53.16
4258,54,management,married,primary,0,2587,0,0,cellular,2,jun,2,-1,0,NA,16.20.41,16.24.37
4259,51,blue-collar,married,primary,0,480,1,0,cellular,12,may,1,326,5,failure,15.16.42,15.19.51
4260,32,technician,divorced,secondary,0,0,1,0,cellular,10,aug,2,-1,0,NA,14.37.19,14.46.19
4261,36,self-employed,married,secondary,0,1184,1,0,cellular,6,apr,1,-1,0,NA,13.47.53,14.05.36
4262,40,unemployed,divorced,secondary,0,452,0,0,cellular,20,nov,1,-1,0,NA,17.26.12,17.27.50
4263,36,management,single,tertiary,0,2944,0,0,cellular,18,aug,8,-1,0,NA,16.11.56,16.26.38
4264,75,retired,married,tertiary,0,4912,0,0,telephone,20,oct,2,183,5,failure,12.36.11,12.40.09
4265,38,student,single,tertiary,0,3316,0,0,NA,17,jun,3,-1,0,NA,17.45.48,18.08.13
4266,39,retired,divorced,primary,0,284,0,0,telephone,31,jul,8,-1,0,NA,14.29.26,14.32.26
4267,52,self-employed,married,tertiary,0,730,1,0,cellular,30,oct,2,-1,0,NA,14.04.42,14.07.42
4268,51,entrepreneur,married,NA,0,606,1,0,NA,28,may,9,-1,0,NA,14.44.10,14.53.30
4269,54,admin.,married,secondary,0,602,0,0,cellular,3,mar,2,-1,0,NA,12.11.21,12.13.44
4270,38,entrepreneur,single,secondary,0,2543,0,0,cellular,10,aug,1,414,4,failure,15.39.46,15.43.29
4271,70,retired,married,secondary,0,6422,0,0,cellular,10,mar,1,-1,0,NA,13.32.00,13.34.02
4272,49,technician,married,primary,0,1415,1,0,cellular,30,jul,2,-1,0,NA,14.25.16,14.29.45
4273,34,blue-collar,single,secondary,0,20,1,1,cellular,18,nov,2,-1,0,NA,14.22.08,14.26.30
4274,53,blue-collar,married,primary,0,238,1,0,cellular,11,may,2,361,5,failure,12.20.21,12.24.19
4275,36,blue-collar,married,primary,0,378,1,0,cellular,5,may,1,-1,0,NA,13.28.44,13.49.24
4276,40,blue-collar,married,primary,0,607,1,0,NA,19,jun,1,-1,0,NA,11.22.26,11.29.38
4277,34,blue-collar,married,secondary,0,457,1,0,NA,9,may,1,-1,0,NA,17.43.50,17.48.16
4278,29,admin.,married,secondary,0,111,0,1,cellular,11,jul,1,-1,0,NA,14.34.04,14.35.58
4279,33,admin.,single,secondary,0,241,0,0,cellular,22,jul,1,-1,0,NA,14.08.22,14.16.32
4280,27,technician,married,secondary,0,616,1,0,cellular,5,feb,1,-1,0,NA,16.07.24,16.11.47
4281,36,blue-collar,married,secondary,0,1049,1,0,cellular,14,may,4,-1,0,NA,14.03.41,14.07.25
4282,33,technician,married,secondary,0,74,0,0,cellular,29,aug,2,-1,0,NA,10.45.07,10.46.41
4283,23,student,single,secondary,0,1234,0,0,cellular,15,feb,1,91,1,success,17.46.55,17.53.14
4284,38,blue-collar,married,secondary,0,22,1,1,NA,7,may,4,-1,0,NA,11.56.29,12.02.22
4285,52,self-employed,married,tertiary,0,6657,0,0,telephone,30,apr,1,-1,0,NA,12.56.25,13.11.42
4286,56,technician,divorced,secondary,0,146,1,0,cellular,5,aug,3,-1,0,NA,13.29.00,13.35.59
4287,40,services,married,secondary,0,10406,0,0,cellular,21,nov,2,127,4,other,14.16.45,14.22.33
4288,41,management,married,tertiary,0,6060,1,0,NA,15,may,2,-1,0,NA,10.11.42,10.12.53
4289,31,management,single,tertiary,0,165,0,1,cellular,8,aug,2,-1,0,NA,16.33.58,16.42.41
4290,30,management,single,tertiary,0,2876,0,0,cellular,6,aug,4,-1,0,NA,16.40.59,16.42.42
4291,46,blue-collar,married,primary,0,-339,1,1,cellular,11,may,2,-1,0,NA,13.51.24,13.54.26
4292,30,services,divorced,secondary,0,436,1,0,cellular,17,jun,1,-1,0,NA,9.59.25,10.28.05
4293,78,retired,married,primary,0,8556,0,0,telephone,21,apr,2,-1,0,NA,12.46.19,12.48.36
4294,27,blue-collar,single,secondary,0,181,0,0,NA,13,may,1,-1,0,NA,9.07.07,9.09.34
4295,42,admin.,married,tertiary,0,1536,0,0,cellular,5,feb,1,182,3,success,11.57.22,11.59.34
4296,33,admin.,single,secondary,0,901,0,0,cellular,3,feb,5,6,3,other,10.28.57,10.29.15
4297,46,blue-collar,married,primary,0,369,1,0,NA,13,may,2,-1,0,NA,10.59.34,11.14.50
4298,49,blue-collar,married,secondary,0,783,1,0,NA,12,may,4,-1,0,NA,15.04.28,15.07.14
4299,21,student,single,primary,0,423,0,0,telephone,18,jan,5,285,5,success,16.40.38,16.45.25
4300,31,technician,married,secondary,0,3706,1,0,cellular,20,nov,1,-1,0,NA,16.52.04,16.54.13
4301,51,retired,married,secondary,0,2127,1,0,NA,5,may,1,-1,0,NA,10.07.59,10.10.51
4302,44,management,married,secondary,0,8262,1,0,cellular,6,apr,1,257,16,failure,12.31.54,12.34.24
4303,30,services,single,secondary,0,-158,1,0,cellular,12,may,1,370,2,failure,13.59.08,14.06.14
4304,31,entrepreneur,single,tertiary,0,0,0,0,NA,3,jun,5,-1,0,NA,15.05.13,15.05.44
4305,29,blue-collar,married,secondary,0,424,1,1,NA,14,may,2,-1,0,NA,12.25.00,12.29.01
4306,33,self-employed,single,tertiary,0,4996,0,0,cellular,20,nov,1,-1,0,NA,14.23.01,14.26.51
4307,55,admin.,married,secondary,0,1633,0,0,cellular,11,jan,1,192,2,success,9.41.19,9.44.49
4308,49,admin.,married,tertiary,0,8413,0,0,cellular,19,aug,6,-1,0,NA,16.09.25,16.11.36
4309,32,blue-collar,single,secondary,0,160,1,0,telephone,29,jan,1,265,1,failure,12.58.05,12.58.53
4310,33,management,married,tertiary,0,0,1,0,telephone,4,may,7,-1,0,NA,12.08.03,12.08.36
4311,51,blue-collar,married,primary,0,3764,0,0,telephone,9,mar,3,181,6,success,16.37.03,16.44.33
4312,49,unemployed,married,tertiary,0,377,0,0,cellular,22,may,1,59,2,failure,12.15.29,12.18.07
4313,49,management,divorced,secondary,0,-46,1,0,NA,9,jun,10,-1,0,NA,14.54.01,15.11.36
4314,37,admin.,married,secondary,0,96,0,0,cellular,5,feb,1,182,3,success,14.30.57,14.32.39
4315,32,services,single,secondary,1,687,1,0,cellular,18,may,1,-1,0,NA,10.59.17,11.01.51
4316,39,management,married,tertiary,0,5495,1,0,cellular,19,aug,6,-1,0,NA,15.46.33,15.53.04
4317,55,technician,married,tertiary,0,169,0,1,cellular,5,aug,2,-1,0,NA,15.35.31,15.45.49
4318,40,blue-collar,divorced,primary,0,21,1,0,NA,9,may,1,-1,0,NA,12.50.17,13.00.01
4319,65,NA,married,NA,0,4717,0,0,telephone,6,aug,1,-1,0,NA,14.54.49,14.59.05
4320,62,management,married,tertiary,0,1859,0,0,telephone,6,aug,3,-1,0,NA,10.00.09,10.04.14
4321,37,technician,single,secondary,0,3665,0,0,cellular,12,aug,3,-1,0,NA,13.52.11,14.03.15
4322,43,services,divorced,secondary,0,-287,1,0,cellular,20,apr,4,-1,0,NA,11.52.56,12.02.36
4323,54,technician,married,tertiary,0,395,0,0,cellular,30,apr,1,183,2,success,14.33.38,14.36.41
4324,49,blue-collar,married,secondary,0,-42,0,0,cellular,6,aug,4,-1,0,NA,17.31.25,17.41.10
4325,43,unemployed,married,primary,0,960,1,1,NA,15,may,2,-1,0,NA,11.39.15,11.43.16
4326,46,blue-collar,married,secondary,0,922,1,0,telephone,8,jul,1,-1,0,NA,15.48.23,15.57.59
4327,28,technician,single,secondary,0,227,0,0,cellular,30,apr,1,-1,0,NA,11.11.00,11.15.38
4328,32,blue-collar,single,primary,0,121,1,0,cellular,20,nov,1,-1,0,NA,11.31.09,11.43.47
4329,51,unemployed,married,secondary,0,-267,0,1,NA,19,jun,2,-1,0,NA,9.17.03,9.20.31
4330,41,entrepreneur,married,secondary,0,30,0,0,cellular,30,apr,1,-1,0,NA,17.25.36,17.33.16
4331,52,technician,divorced,secondary,0,-558,0,0,cellular,14,aug,5,-1,0,NA,10.55.27,10.57.59
4332,38,admin.,married,secondary,0,1280,1,0,cellular,6,apr,1,-1,0,NA,9.42.45,9.58.01
4333,50,management,married,primary,0,1458,0,0,cellular,28,jan,1,-1,0,NA,14.03.34,14.05.06
4334,32,services,divorced,secondary,0,130,1,0,cellular,30,jan,3,-1,0,NA,13.22.20,13.25.34
4335,33,management,single,tertiary,0,1962,0,0,cellular,13,jul,1,181,1,failure,13.34.44,13.40.47
4336,44,services,divorced,secondary,0,-368,1,0,cellular,5,may,1,-1,0,NA,14.44.10,14.59.05
4337,44,blue-collar,married,NA,0,146,1,0,NA,15,may,1,-1,0,NA,14.59.55,15.07.58
4338,32,blue-collar,married,secondary,0,501,1,1,NA,30,may,5,-1,0,NA,10.50.24,10.51.07
4339,54,admin.,married,secondary,0,1633,0,0,cellular,3,jul,2,-1,0,NA,9.47.35,9.54.24
4340,42,entrepreneur,married,NA,0,206,1,0,cellular,30,jul,2,-1,0,NA,11.11.28,11.23.03
4341,33,blue-collar,married,secondary,0,529,1,0,NA,28,may,3,-1,0,NA,12.25.36,12.28.54
4342,50,entrepreneur,divorced,tertiary,0,1790,0,1,cellular,6,feb,3,-1,0,NA,14.03.55,14.16.23
4343,30,technician,married,secondary,0,4733,1,0,NA,21,may,2,-1,0,NA,13.34.58,13.36.19
4344,33,entrepreneur,single,tertiary,0,1623,1,0,cellular,2,sep,3,-1,0,NA,12.35.25,12.40.16
4345,42,management,married,tertiary,0,263,1,0,NA,7,may,1,-1,0,NA,10.55.46,11.00.00
4346,29,admin.,married,secondary,0,-211,1,0,cellular,18,may,1,-1,0,NA,14.19.44,14.20.42
4347,58,unemployed,married,tertiary,0,183,0,0,cellular,21,nov,5,-1,0,NA,16.40.38,16.43.25
4348,51,technician,married,secondary,0,-1944,1,0,cellular,7,may,1,-1,0,NA,13.01.05,13.11.28
4349,30,admin.,single,secondary,0,-36,0,0,cellular,16,jul,9,-1,0,NA,9.55.44,10.05.05
4350,22,self-employed,single,tertiary,0,780,0,0,cellular,17,mar,3,-1,0,NA,13.13.56,13.18.28
4351,37,admin.,single,secondary,0,483,0,0,cellular,31,jul,11,-1,0,NA,15.21.20,15.21.31
4352,54,services,married,secondary,0,214,1,0,NA,5,may,2,-1,0,NA,16.34.10,16.41.48
4353,53,management,married,tertiary,0,8563,1,0,cellular,18,nov,1,-1,0,NA,11.23.45,11.24.54
4354,58,retired,married,primary,0,4158,0,0,cellular,13,aug,2,-1,0,NA,15.39.28,15.47.03
4355,39,services,married,secondary,0,53,0,0,NA,5,mar,1,394,1,failure,14.12.59,14.17.16
4356,64,management,married,tertiary,0,4688,0,0,cellular,21,oct,1,-1,0,NA,16.28.53,16.32.13
4357,54,management,married,tertiary,0,1451,0,0,cellular,25,aug,7,-1,0,NA,17.15.21,17.20.29
4358,49,blue-collar,single,primary,0,48,0,0,cellular,9,feb,3,-1,0,NA,14.14.43,14.21.56
4359,72,retired,single,tertiary,0,1285,0,0,telephone,1,jul,4,150,9,failure,14.21.57,14.30.11
4360,28,student,single,secondary,0,0,1,0,NA,15,may,3,-1,0,NA,14.21.36,14.23.49
4361,34,services,married,secondary,0,1337,0,0,cellular,17,dec,2,127,3,success,13.36.08,13.41.38
4362,26,admin.,single,primary,0,-122,1,0,NA,23,jun,3,-1,0,NA,15.01.05,15.12.15
4363,62,management,married,tertiary,0,5008,0,0,telephone,4,jun,2,-1,0,NA,17.40.17,17.42.36
4364,31,student,single,secondary,0,216,0,0,cellular,3,jun,1,-1,0,NA,10.05.58,10.08.16
4365,52,blue-collar,married,secondary,0,955,0,1,cellular,17,jun,2,134,4,success,12.16.47,12.21.48
4366,40,management,married,primary,0,472,1,0,NA,30,may,2,-1,0,NA,15.28.06,15.29.31
4367,32,technician,single,secondary,0,324,0,1,cellular,23,feb,1,-1,0,NA,12.17.38,12.24.50
4368,41,management,married,tertiary,0,27696,0,0,cellular,12,aug,2,104,1,failure,16.09.25,16.11.52
4369,39,blue-collar,married,primary,0,-197,1,0,NA,20,may,2,-1,0,NA,12.50.04,12.53.28
4370,60,self-employed,married,tertiary,0,10861,0,0,cellular,9,nov,1,91,2,failure,9.00.28,9.02.06
4371,44,blue-collar,married,primary,0,-237,1,0,telephone,10,jul,1,-1,0,NA,13.23.55,13.25.08
4372,32,services,single,secondary,0,148,1,0,cellular,18,nov,1,-1,0,NA,10.28.46,10.31.16
4373,54,technician,divorced,secondary,0,447,1,0,NA,14,may,4,-1,0,NA,15.39.22,15.41.48
4374,44,unemployed,married,secondary,0,1590,1,0,NA,12,jun,1,-1,0,NA,12.55.18,13.01.07
4375,32,technician,single,secondary,0,258,0,0,NA,3,jun,3,-1,0,NA,11.05.37,11.07.31
4376,36,technician,single,secondary,0,12264,0,0,cellular,11,oct,1,182,2,success,17.58.29,18.03.14
4377,44,management,divorced,tertiary,0,0,0,0,NA,18,jun,3,-1,0,NA,15.52.54,16.01.05
4378,32,blue-collar,married,secondary,0,-428,1,0,NA,13,may,1,-1,0,NA,17.00.38,17.09.16
4379,30,services,married,secondary,0,0,1,0,cellular,21,nov,4,-1,0,NA,11.36.43,11.48.04
4380,33,management,married,tertiary,0,334,0,0,cellular,25,nov,1,-1,0,NA,14.54.46,14.56.13
4381,36,blue-collar,married,secondary,0,537,0,0,NA,19,jun,6,-1,0,NA,9.11.24,9.14.04
4382,51,blue-collar,married,primary,0,97,0,0,cellular,13,aug,2,-1,0,NA,14.03.19,14.08.05
4383,29,management,single,tertiary,0,224,1,0,cellular,24,apr,2,81,3,failure,13.36.12,13.37.17
4384,53,management,married,secondary,0,1925,1,0,NA,26,may,1,-1,0,NA,16.14.33,16.17.06
4385,34,technician,married,secondary,0,806,0,0,cellular,19,jul,3,458,1,success,11.47.30,11.51.43
4386,37,services,married,secondary,0,-1006,1,1,cellular,20,apr,2,-1,0,NA,9.30.19,9.34.05
4387,40,self-employed,divorced,tertiary,0,1077,0,0,cellular,19,nov,1,-1,0,NA,14.47.10,14.52.19
4388,45,technician,married,secondary,0,1118,1,0,telephone,22,jul,1,-1,0,NA,16.50.07,16.50.34
4389,37,blue-collar,married,primary,0,2120,1,0,cellular,21,nov,4,-1,0,NA,17.19.54,17.22.24
4390,56,management,divorced,tertiary,0,442,0,0,NA,28,may,3,-1,0,NA,9.15.00,9.16.17
4391,39,services,married,tertiary,0,16,0,0,NA,19,jun,1,-1,0,NA,10.29.57,10.30.29
4392,26,technician,married,tertiary,0,450,1,1,NA,12,may,1,-1,0,NA,16.31.49,16.52.55
4393,36,management,married,tertiary,0,6138,1,1,cellular,21,nov,4,-1,0,NA,9.18.59,9.24.57
4394,30,management,single,tertiary,0,3473,0,0,cellular,12,mar,2,-1,0,NA,9.03.37,9.23.46
4395,25,self-employed,single,secondary,0,1242,1,0,NA,28,may,2,-1,0,NA,9.33.46,9.44.01
4396,34,entrepreneur,single,tertiary,0,2945,1,0,cellular,17,apr,1,-1,0,NA,17.52.21,17.56.47
4397,33,blue-collar,single,secondary,0,498,0,0,cellular,30,apr,1,-1,0,NA,9.01.42,9.06.43
4398,26,admin.,married,secondary,0,1595,0,0,cellular,15,jun,1,105,1,failure,14.24.57,14.27.32
4399,45,blue-collar,married,primary,0,300,1,0,cellular,29,jan,1,261,3,failure,9.13.35,9.16.58
4400,39,services,single,secondary,0,1163,1,0,cellular,7,may,3,363,2,other,16.14.34,16.21.46
4401,59,admin.,married,secondary,0,0,1,0,cellular,10,jul,1,-1,0,NA,15.57.34,16.13.56
4402,31,services,married,secondary,0,1801,1,0,telephone,6,feb,1,274,2,failure,17.04.36,17.06.52
4403,29,management,single,tertiary,0,983,1,0,cellular,11,jul,2,-1,0,NA,15.55.58,16.12.01
4404,30,services,single,secondary,0,114,0,1,cellular,18,jul,10,-1,0,NA,9.32.57,9.34.47
4405,43,blue-collar,married,primary,0,3917,0,0,cellular,2,mar,1,-1,0,NA,11.36.05,11.38.39
4406,45,management,married,tertiary,0,3643,0,0,cellular,21,nov,1,-1,0,NA,10.45.05,10.47.47
4407,57,services,married,secondary,0,162,1,0,NA,5,may,1,-1,0,NA,11.31.26,11.34.20
4408,35,management,married,tertiary,0,2161,0,0,cellular,9,sep,3,-1,0,NA,14.13.33,14.23.02
4409,23,services,single,secondary,0,1393,1,1,cellular,18,may,8,-1,0,NA,12.20.26,12.21.08
4410,39,entrepreneur,married,secondary,0,2139,1,0,cellular,15,may,4,371,1,failure,10.51.48,11.01.24
4411,27,student,single,tertiary,0,118,0,0,cellular,31,aug,3,98,1,failure,16.28.25,16.31.05
4412,75,retired,married,secondary,0,3771,0,0,telephone,15,apr,1,181,2,success,10.18.54,10.21.59
4413,48,entrepreneur,single,tertiary,0,318,1,0,cellular,5,feb,4,-1,0,NA,15.18.23,15.35.20
4414,60,retired,divorced,tertiary,0,979,1,0,cellular,15,jul,1,181,4,success,9.15.21,9.21.07
4415,56,technician,married,secondary,0,170,1,0,cellular,5,may,2,294,4,other,14.36.30,14.39.50
4416,40,blue-collar,married,primary,0,236,1,0,NA,20,may,2,-1,0,NA,10.59.47,11.02.34
4417,48,unemployed,single,tertiary,0,3229,0,0,NA,16,jun,1,-1,0,NA,11.57.59,12.16.08
4418,36,blue-collar,single,primary,0,20,1,0,NA,21,may,14,-1,0,NA,12.05.46,12.07.13
4419,42,admin.,divorced,secondary,0,24,1,0,cellular,6,may,2,-1,0,NA,11.54.05,11.57.44
4420,32,management,married,tertiary,0,2431,1,0,cellular,14,may,5,-1,0,NA,10.42.06,10.52.52
4421,37,management,married,tertiary,0,2987,1,0,cellular,13,may,1,87,10,success,9.41.08,9.44.44
4422,34,unemployed,single,secondary,0,1965,0,0,telephone,4,may,1,-1,0,NA,17.28.02,17.39.56
4423,43,services,divorced,NA,0,159,0,0,NA,16,jun,4,-1,0,NA,9.00.29,9.02.21
4424,26,blue-collar,single,secondary,0,2007,0,0,cellular,13,jul,3,182,2,success,9.53.44,9.58.16
4425,32,technician,married,secondary,0,557,1,0,cellular,6,may,2,-1,0,NA,13.53.19,13.54.50
4426,31,management,married,tertiary,0,537,1,0,cellular,18,aug,1,-1,0,NA,15.42.42,15.46.18
4427,42,technician,married,secondary,0,-113,1,1,cellular,29,jul,5,-1,0,NA,9.24.32,9.25.04
4428,57,management,divorced,NA,0,854,0,0,cellular,6,oct,1,40,5,success,14.22.43,14.30.43
4429,45,blue-collar,married,secondary,0,333,0,1,cellular,6,aug,2,-1,0,NA,11.16.06,11.18.52
4430,43,blue-collar,married,primary,0,2598,0,0,cellular,5,may,2,-1,0,NA,12.28.23,12.32.55
4431,38,technician,single,secondary,0,0,1,0,NA,6,jun,1,-1,0,NA,13.10.07,13.11.11
4432,33,management,married,tertiary,0,5289,1,0,cellular,6,may,2,-1,0,NA,11.12.39,11.20.46
4433,29,student,married,tertiary,0,10596,1,0,cellular,12,apr,1,-1,0,NA,14.57.59,15.00.22
4434,30,services,married,secondary,0,419,1,0,NA,28,may,1,-1,0,NA,13.27.41,13.34.11
4435,35,management,single,tertiary,1,-1980,1,1,cellular,11,aug,1,-1,0,NA,14.38.13,14.42.00
4436,45,services,single,secondary,0,1378,1,0,cellular,15,may,5,372,2,failure,9.32.02,9.32.27
4437,30,technician,single,tertiary,0,290,0,0,cellular,11,aug,5,-1,0,NA,11.46.23,11.54.28
4438,60,retired,divorced,secondary,0,545,1,0,NA,6,may,1,-1,0,NA,15.57.31,16.14.41
4439,30,admin.,single,secondary,0,0,0,0,cellular,4,sep,3,-1,0,NA,11.22.42,11.27.58
4440,40,technician,married,secondary,0,17,0,0,telephone,17,nov,1,-1,0,NA,16.36.32,16.39.44
4441,32,technician,married,secondary,0,84,0,1,cellular,29,jul,3,-1,0,NA,16.05.59,16.12.42
4442,28,admin.,single,secondary,0,261,1,1,cellular,9,sep,2,98,4,success,10.25.31,10.29.50
4443,35,management,married,tertiary,0,0,1,1,cellular,6,may,1,351,1,other,16.10.46,16.12.39
4444,32,self-employed,married,primary,0,286,1,0,cellular,6,aug,1,-1,0,NA,11.06.32,11.09.27
4445,45,admin.,divorced,tertiary,0,569,1,0,cellular,14,may,1,-1,0,NA,10.32.56,10.36.44
4446,30,self-employed,single,tertiary,0,251,0,0,cellular,12,jul,1,-1,0,NA,14.03.14,14.12.11
4447,58,entrepreneur,married,tertiary,0,2920,1,0,NA,9,jun,1,-1,0,NA,10.33.41,10.35.57
4448,39,housemaid,married,NA,0,9716,0,0,NA,20,jun,2,-1,0,NA,17.25.48,17.27.14
4449,29,blue-collar,married,primary,0,1615,1,0,NA,28,may,1,-1,0,NA,13.10.42,13.19.53
4450,27,management,single,tertiary,0,1720,0,0,cellular,15,jun,1,224,3,success,16.23.50,16.39.00
4451,73,management,married,tertiary,0,1609,0,0,cellular,14,jul,2,-1,0,NA,17.27.26,17.30.15
4452,36,technician,married,secondary,0,30,0,0,cellular,27,aug,2,-1,0,NA,12.02.37,12.04.28
4453,47,blue-collar,married,secondary,0,238,1,1,cellular,13,mar,1,-1,0,NA,13.52.45,14.44.01
4454,33,management,single,tertiary,0,318,1,0,cellular,8,apr,1,141,3,other,14.05.04,14.24.54
4455,38,self-employed,single,secondary,0,4056,0,0,NA,11,jun,2,-1,0,NA,11.16.24,11.17.33
4456,52,retired,married,NA,0,293,0,0,NA,11,jun,1,-1,0,NA,17.43.21,17.55.07
4457,35,technician,married,tertiary,0,4,1,0,cellular,14,may,1,-1,0,NA,10.10.32,10.12.00
4458,32,admin.,single,tertiary,0,594,1,0,NA,13,may,2,-1,0,NA,9.23.12,9.25.26
4459,32,management,married,tertiary,0,794,1,1,cellular,9,jul,1,-1,0,NA,14.12.42,14.29.36
4460,46,self-employed,married,primary,0,2295,1,0,NA,11,jun,1,-1,0,NA,16.40.52,16.43.10
4461,35,management,married,tertiary,0,810,0,0,NA,11,jun,4,-1,0,NA,14.23.29,14.25.33
4462,58,housemaid,married,tertiary,0,1280,0,1,NA,9,jun,1,-1,0,NA,12.35.57,12.37.49
4463,37,admin.,single,secondary,0,862,0,0,cellular,21,jul,2,-1,0,NA,9.11.01,9.13.33
4464,57,retired,married,secondary,0,3738,1,0,cellular,20,jul,2,92,8,failure,14.05.11,14.08.09
4465,72,retired,married,primary,0,2304,0,0,telephone,5,may,4,-1,0,NA,15.51.45,16.00.15
4466,47,management,divorced,tertiary,0,2515,0,0,NA,20,jun,3,-1,0,NA,11.01.42,11.02.22
4467,50,admin.,married,secondary,0,4855,0,0,cellular,5,aug,2,-1,0,NA,14.25.44,14.37.44
4468,77,retired,married,tertiary,0,699,0,0,cellular,13,aug,2,-1,0,NA,9.42.49,9.49.54
4469,34,services,married,secondary,0,0,1,0,cellular,21,nov,1,-1,0,NA,16.23.21,16.27.29
4470,38,management,divorced,tertiary,0,6368,1,0,cellular,4,may,4,-1,0,NA,11.02.37,11.17.59
4471,29,housemaid,single,tertiary,0,2196,0,0,cellular,5,aug,1,-1,0,NA,13.06.07,13.09.42
4472,41,services,married,primary,0,455,1,0,NA,14,may,1,-1,0,NA,12.50.35,12.51.55
4473,50,self-employed,married,secondary,0,38,1,0,cellular,9,jul,1,-1,0,NA,11.29.40,11.30.22
4474,44,entrepreneur,married,secondary,0,692,0,0,NA,18,jun,4,-1,0,NA,15.32.49,15.34.02
4475,32,technician,married,secondary,0,484,1,0,cellular,12,aug,2,463,1,success,13.56.10,14.07.18
4476,47,management,married,tertiary,0,1147,0,0,cellular,2,jun,1,95,1,failure,10.04.47,10.15.41
4477,29,technician,single,tertiary,0,1185,1,0,NA,26,may,1,-1,0,NA,10.25.24,10.34.20
4478,34,management,single,tertiary,0,212,0,0,cellular,25,mar,8,-1,0,NA,14.07.50,14.12.28
4479,34,services,married,secondary,0,703,0,0,cellular,17,apr,2,150,2,failure,16.55.39,17.00.21
4480,26,services,single,secondary,0,901,1,0,NA,26,may,2,-1,0,NA,14.10.03,14.22.47
4481,38,management,married,secondary,0,844,0,0,cellular,9,feb,7,-1,0,NA,9.50.01,9.50.13
4482,35,technician,married,tertiary,0,1354,0,0,cellular,2,jun,2,-1,0,NA,15.33.23,15.37.33
4483,34,blue-collar,single,secondary,0,47,1,0,cellular,14,apr,1,147,2,failure,14.22.15,14.26.07
4484,42,admin.,married,secondary,0,-396,1,0,cellular,11,may,1,308,4,failure,11.49.52,11.51.12
4485,66,management,married,NA,0,2149,1,0,cellular,25,feb,1,87,10,failure,14.52.36,14.54.14
4486,53,technician,married,tertiary,0,9001,0,0,cellular,5,apr,1,-1,0,NA,9.23.29,9.26.19
4487,36,services,single,secondary,0,-253,1,0,cellular,14,apr,1,-1,0,NA,12.13.56,12.31.49
4488,39,technician,married,secondary,0,287,1,0,NA,23,may,1,-1,0,NA,15.35.56,15.36.59
4489,31,management,married,tertiary,0,4015,1,0,cellular,2,feb,2,241,3,other,14.33.59,14.35.34
4490,61,blue-collar,married,secondary,0,272,0,0,cellular,29,oct,1,269,1,failure,15.06.09,15.11.27
4491,32,admin.,married,secondary,0,1293,1,0,NA,7,may,2,-1,0,NA,10.57.36,11.00.17
4492,48,blue-collar,married,primary,0,683,1,0,cellular,9,feb,5,209,12,failure,15.26.23,15.28.47
4493,45,admin.,married,secondary,0,67,0,0,cellular,5,feb,2,-1,0,NA,17.33.07,17.38.33
4494,36,technician,married,secondary,0,72,1,0,cellular,19,nov,3,-1,0,NA,13.15.26,13.18.52
4495,23,admin.,single,tertiary,0,230,0,0,cellular,5,jun,1,-1,0,NA,16.59.59,17.04.23
4496,34,blue-collar,married,secondary,0,496,1,0,cellular,13,may,1,-1,0,NA,11.21.39,11.27.12
4497,24,services,married,secondary,0,4500,1,0,cellular,11,may,2,-1,0,NA,11.40.20,11.52.33
4498,55,technician,married,NA,0,240,1,0,cellular,2,aug,3,277,1,success,17.31.56,17.33.44
4499,49,technician,single,secondary,0,1245,0,0,cellular,29,apr,2,198,2,failure,17.04.14,17.06.09
4500,26,student,single,secondary,0,334,0,0,telephone,4,feb,1,-1,0,NA,14.28.21,14.29.07
4501,32,self-employed,single,tertiary,0,0,1,0,cellular,6,may,1,-1,0,NA,14.08.16,14.21.03
4502,55,blue-collar,married,secondary,0,840,1,0,NA,6,may,2,-1,0,NA,11.51.13,11.56.23
4503,34,management,married,tertiary,0,73,0,0,cellular,4,feb,2,-1,0,NA,9.03.21,9.10.27
4504,23,management,single,tertiary,0,2143,0,0,cellular,30,mar,2,-1,0,NA,11.54.04,11.57.04
4505,63,self-employed,married,tertiary,0,661,0,0,cellular,2,mar,2,-1,0,NA,15.53.38,15.54.34
4506,32,blue-collar,married,secondary,0,335,1,0,cellular,13,may,3,370,1,failure,9.42.27,9.46.27
4507,33,self-employed,single,tertiary,0,94,1,0,cellular,5,may,2,-1,0,NA,14.48.02,15.03.57
4508,34,blue-collar,married,secondary,0,1089,1,0,cellular,13,may,3,-1,0,NA,9.45.09,9.51.43
4509,39,management,married,NA,0,76,0,0,cellular,15,sep,1,183,1,success,10.08.33,10.11.53
4510,37,technician,single,secondary,0,1211,1,0,NA,21,may,1,-1,0,NA,12.38.05,12.51.20
4511,30,management,married,tertiary,0,1221,1,0,telephone,25,jul,4,-1,0,NA,12.40.53,12.45.32
4512,37,blue-collar,married,NA,0,444,0,0,cellular,1,oct,1,94,9,other,14.45.46,14.48.09
4513,46,technician,married,secondary,0,388,0,0,cellular,4,feb,9,7,1,other,17.08.30,17.08.36
4514,33,technician,single,secondary,0,3806,1,0,cellular,8,may,3,-1,0,NA,15.23.39,15.25.14
4515,44,blue-collar,married,primary,0,194,1,0,NA,28,may,2,-1,0,NA,13.13.44,13.15.29
4516,42,management,married,tertiary,0,72,1,0,cellular,20,apr,2,348,3,failure,13.38.07,13.40.11
4517,48,management,married,tertiary,0,612,0,0,cellular,26,jul,7,292,1,other,15.55.44,15.57.10
4518,37,management,married,tertiary,0,115,0,0,NA,7,may,1,-1,0,NA,17.46.31,17.47.07
4519,57,management,married,tertiary,0,10583,0,0,cellular,28,sep,3,98,3,success,15.43.54,15.49.35
4520,38,technician,single,tertiary,0,23,0,0,cellular,23,jul,1,-1,0,NA,10.09.21,10.12.35
4521,59,retired,married,primary,0,56,0,0,cellular,21,aug,5,-1,0,NA,10.21.42,10.28.54
4522,34,management,married,secondary,0,29,0,1,cellular,17,jul,2,-1,0,NA,10.35.21,10.36.55
4523,37,self-employed,married,tertiary,0,129,0,0,cellular,18,aug,2,-1,0,NA,14.45.27,14.47.35
4524,33,technician,married,tertiary,0,8023,0,0,cellular,25,feb,1,87,4,failure,16.08.38,16.11.54
4525,36,self-employed,married,tertiary,0,107,1,0,NA,6,may,1,-1,0,NA,15.12.12,15.14.38
4526,33,admin.,divorced,secondary,0,661,1,0,cellular,11,aug,1,99,7,failure,12.43.22,12.45.10
4527,46,admin.,married,secondary,0,660,0,0,cellular,6,aug,2,-1,0,NA,15.03.03,15.15.23
4528,43,technician,married,secondary,0,536,1,0,cellular,17,nov,1,-1,0,NA,10.09.59,10.11.16
4529,33,blue-collar,married,secondary,0,328,1,0,cellular,20,apr,1,264,9,failure,9.42.11,9.43.23
4530,33,admin.,divorced,secondary,1,-18,1,0,cellular,6,may,1,359,3,failure,16.10.23,16.14.27
4531,53,blue-collar,married,primary,0,1294,0,0,NA,28,oct,1,-1,0,NA,12.16.41,12.17.52
4532,42,management,married,NA,0,587,1,0,NA,19,jun,9,-1,0,NA,9.26.22,9.26.38
4533,37,blue-collar,married,secondary,0,453,1,1,NA,23,may,1,-1,0,NA,9.05.42,9.07.20
4534,34,technician,single,secondary,0,1763,0,0,cellular,11,aug,2,-1,0,NA,17.11.36,17.15.42
4535,30,technician,single,secondary,0,4787,1,0,cellular,18,nov,1,167,2,failure,15.30.38,15.35.04
4536,45,blue-collar,married,secondary,0,534,0,0,cellular,27,aug,6,-1,0,NA,10.42.55,10.44.39
4537,32,blue-collar,single,primary,0,216,1,0,cellular,7,may,2,351,1,success,14.50.26,14.51.53
4538,43,blue-collar,married,secondary,0,1343,1,1,cellular,25,jul,2,-1,0,NA,13.45.15,13.48.46
4539,49,admin.,divorced,secondary,0,560,1,0,cellular,25,jul,3,-1,0,NA,16.41.56,16.43.21
4540,53,management,married,tertiary,0,232,1,0,telephone,29,jan,1,-1,0,NA,15.00.08,15.00.40
4541,55,blue-collar,married,primary,0,1649,1,0,cellular,12,may,3,-1,0,NA,13.34.01,13.34.53
4542,61,retired,married,primary,0,103,0,0,cellular,7,dec,1,-1,0,NA,9.07.20,9.12.12
4543,34,services,married,secondary,0,2211,0,0,NA,8,may,1,-1,0,NA,13.08.56,13.11.25
4544,60,technician,married,primary,0,65,1,0,NA,9,may,2,-1,0,NA,17.45.19,18.02.27
4545,50,admin.,married,secondary,0,1138,1,1,cellular,31,jul,8,-1,0,NA,12.39.57,12.41.10
4546,39,blue-collar,married,primary,0,118,0,0,cellular,3,feb,1,-1,0,NA,14.08.11,14.23.17
4547,38,services,married,secondary,0,0,1,1,cellular,11,may,2,304,2,failure,10.21.59,10.24.04
4548,50,management,married,tertiary,0,536,0,0,NA,20,jun,3,-1,0,NA,13.27.49,13.29.04
4549,31,management,single,tertiary,0,0,1,0,NA,23,may,1,-1,0,NA,12.24.16,12.30.47
4550,43,services,single,secondary,0,518,1,0,cellular,11,may,1,370,1,failure,13.19.59,13.24.54
4551,29,management,single,tertiary,0,1218,0,0,cellular,30,jan,2,-1,0,NA,10.13.57,10.18.15
4552,33,blue-collar,divorced,secondary,0,3546,1,0,NA,23,may,2,-1,0,NA,11.36.18,11.49.15
4553,57,retired,married,secondary,0,5313,0,0,cellular,16,dec,2,196,1,success,17.57.09,18.01.52
4554,33,management,married,NA,0,117,0,1,cellular,9,jul,2,-1,0,NA,9.22.19,9.24.32
4555,56,retired,married,NA,0,4391,1,0,NA,16,may,1,-1,0,NA,13.16.34,13.21.25
4556,36,management,married,tertiary,0,203,0,0,cellular,29,oct,1,-1,0,NA,13.21.22,13.23.41
4557,50,admin.,divorced,secondary,0,86,0,0,cellular,28,jul,7,-1,0,NA,11.23.27,11.24.32
4558,32,management,married,tertiary,0,4,0,0,cellular,22,aug,4,-1,0,NA,13.47.02,13.50.17
4559,26,technician,married,secondary,0,523,0,0,cellular,4,jun,1,126,1,failure,13.38.42,13.42.23
4560,53,admin.,married,secondary,0,3765,0,0,NA,20,jun,3,-1,0,NA,15.28.40,15.46.54
4561,35,management,married,tertiary,0,1473,1,1,cellular,16,apr,3,-1,0,NA,17.46.44,17.49.40
4562,57,technician,married,secondary,0,28,1,0,cellular,8,may,1,358,1,failure,17.59.19,18.02.02
4563,54,management,divorced,tertiary,0,-449,1,0,cellular,14,may,1,-1,0,NA,16.14.19,16.25.50
4564,31,student,single,secondary,0,1776,0,0,cellular,15,jun,1,207,1,other,11.31.43,11.35.23
4565,38,housemaid,divorced,secondary,0,70,0,0,cellular,27,oct,3,148,1,success,17.59.32,18.03.47
4566,43,management,married,tertiary,0,354,0,0,cellular,14,aug,10,-1,0,NA,9.26.04,9.28.53
4567,34,management,married,tertiary,0,703,1,0,cellular,14,apr,1,-1,0,NA,10.08.09,10.13.51
4568,72,retired,married,tertiary,0,2,0,0,cellular,7,aug,2,-1,0,NA,13.12.53,13.15.20
4569,27,technician,single,secondary,0,489,1,0,cellular,30,jul,4,-1,0,NA,14.43.23,14.49.19
4570,36,management,married,tertiary,0,93,0,0,cellular,12,jul,2,182,7,failure,15.03.10,15.07.32
4571,43,blue-collar,married,secondary,0,3060,1,0,NA,15,may,2,-1,0,NA,12.20.13,12.24.26
4572,36,management,single,NA,0,62,0,0,cellular,13,jul,1,91,2,success,15.24.31,15.29.42
4573,47,management,married,tertiary,0,288,0,0,cellular,31,mar,1,181,1,success,14.19.07,14.22.20
4574,40,services,married,secondary,0,17,0,0,cellular,4,jun,1,-1,0,NA,11.17.30,11.18.48
4575,50,management,married,tertiary,0,19,0,1,cellular,23,jul,1,-1,0,NA,15.18.15,15.21.40
4576,42,technician,married,primary,0,275,0,0,cellular,31,jul,9,-1,0,NA,10.45.16,10.46.07
4577,50,technician,divorced,secondary,0,148,1,0,cellular,17,apr,2,-1,0,NA,15.44.44,15.51.37
4578,76,retired,married,primary,0,3324,0,0,cellular,13,aug,2,192,1,failure,15.56.34,16.00.21
4579,55,blue-collar,married,secondary,0,3917,1,0,cellular,18,may,1,-1,0,NA,11.39.04,11.48.29
4580,25,blue-collar,married,secondary,0,97,1,0,NA,27,may,1,-1,0,NA,10.27.14,10.39.03
4581,58,unemployed,married,primary,0,1183,0,0,cellular,31,jul,5,-1,0,NA,11.20.26,11.49.07
4582,28,management,single,tertiary,0,502,0,0,cellular,16,jun,2,-1,0,NA,14.04.47,14.07.03
4583,52,unemployed,married,secondary,0,94,0,0,cellular,30,apr,1,-1,0,NA,12.21.49,12.25.53
4584,53,services,married,secondary,0,197,1,0,cellular,17,apr,1,-1,0,NA,15.54.29,15.59.36
4585,30,blue-collar,single,secondary,0,348,1,0,cellular,14,may,3,358,1,other,14.03.26,14.03.40
4586,31,admin.,single,secondary,0,2104,1,0,NA,3,jun,1,-1,0,NA,16.20.58,16.28.33
4587,30,admin.,married,tertiary,0,1717,0,1,NA,2,jul,2,-1,0,NA,12.43.28,12.47.06
4588,50,management,married,tertiary,0,1759,0,0,cellular,19,aug,2,-1,0,NA,17.24.32,17.26.13
4589,56,technician,married,tertiary,0,1062,0,0,NA,20,jun,2,-1,0,NA,17.59.19,17.59.56
4590,37,housemaid,divorced,secondary,0,1040,1,0,cellular,21,nov,1,184,1,other,15.18.55,15.28.22
4591,53,entrepreneur,divorced,NA,0,4736,1,0,NA,3,jun,5,-1,0,NA,16.16.29,16.27.45
4592,47,admin.,married,tertiary,0,1979,0,0,cellular,18,aug,6,-1,0,NA,12.28.26,12.31.53
4593,56,management,married,tertiary,0,6798,1,0,cellular,17,nov,1,-1,0,NA,10.17.58,10.22.08
4594,32,management,single,tertiary,0,312,0,0,cellular,26,may,2,98,2,success,10.12.13,10.15.41
4595,33,management,divorced,tertiary,0,471,0,0,NA,23,may,4,-1,0,NA,9.11.24,9.14.59
4596,31,management,single,tertiary,0,4718,1,0,cellular,21,nov,1,-1,0,NA,14.08.50,14.17.46
4597,31,management,married,tertiary,0,1755,1,0,NA,21,may,2,-1,0,NA,17.35.30,17.45.18
4598,49,technician,married,tertiary,0,1071,0,0,cellular,17,jun,1,-1,0,NA,13.31.44,13.34.33
4599,43,technician,single,secondary,0,293,1,0,NA,15,may,1,-1,0,NA,11.45.57,11.46.46
4600,43,management,married,tertiary,0,0,0,0,cellular,18,jul,1,-1,0,NA,14.01.08,14.02.58
4601,69,retired,married,primary,0,2346,0,0,cellular,11,feb,2,-1,0,NA,17.32.22,17.38.16
4602,23,student,single,secondary,0,381,0,0,cellular,23,feb,1,189,2,other,17.49.38,18.01.14
4603,43,management,married,tertiary,0,41630,0,0,cellular,18,aug,4,-1,0,NA,11.46.17,11.47.25
4604,53,admin.,married,primary,0,228,1,0,NA,16,may,1,-1,0,NA,10.26.37,10.28.14
4605,36,admin.,single,secondary,0,733,1,0,cellular,20,apr,1,322,2,other,11.28.55,11.31.51
4606,25,blue-collar,single,secondary,0,303,0,0,cellular,18,jun,1,92,1,success,10.43.37,10.47.49
4607,23,management,single,tertiary,0,1506,0,0,cellular,9,mar,4,-1,0,NA,13.46.22,13.48.33
4608,43,management,single,tertiary,0,483,0,0,cellular,19,aug,6,-1,0,NA,11.26.08,11.41.58
4609,35,unemployed,single,tertiary,0,415,0,0,cellular,4,feb,1,176,1,failure,13.39.03,13.49.52
4610,29,technician,single,tertiary,0,2489,1,0,cellular,3,mar,1,86,5,failure,10.25.53,10.31.48
4611,28,unemployed,single,tertiary,0,1010,1,0,NA,4,jun,2,-1,0,NA,9.38.24,9.41.18
4612,36,blue-collar,married,primary,0,70,1,0,cellular,28,jan,1,-1,0,NA,16.51.06,16.53.50
4613,31,management,married,tertiary,0,6138,0,0,cellular,16,oct,2,119,5,failure,14.10.53,14.13.27
4614,53,housemaid,married,primary,0,-286,1,0,cellular,9,jul,1,-1,0,NA,9.21.47,9.23.53
4615,25,blue-collar,single,secondary,0,389,0,0,cellular,3,jun,1,-1,0,NA,15.06.21,15.20.18
4616,46,management,married,NA,0,2466,0,0,telephone,1,apr,3,370,1,failure,13.46.15,13.49.51
4617,76,retired,married,secondary,0,242,0,0,telephone,16,sep,3,-1,0,NA,15.19.23,15.35.57
4618,41,blue-collar,single,secondary,0,1880,0,1,cellular,14,may,1,356,10,other,15.36.34,15.37.09
4619,36,admin.,married,tertiary,0,0,1,0,cellular,22,jul,1,-1,0,NA,13.56.43,13.57.45
4620,28,management,single,tertiary,0,874,1,0,cellular,5,jun,1,-1,0,NA,12.44.43,12.53.12
4621,28,management,single,tertiary,0,278,0,1,cellular,29,jan,1,-1,0,NA,10.16.10,10.19.24
4622,32,admin.,married,secondary,0,51,1,1,cellular,7,jul,1,-1,0,NA,13.22.06,13.27.03
4623,72,retired,married,primary,0,4657,0,0,cellular,22,dec,3,309,5,success,16.30.12,16.35.17
4624,41,blue-collar,married,primary,0,164,1,0,cellular,12,may,4,330,11,other,10.53.28,10.55.58
4625,32,admin.,married,secondary,0,9049,1,0,cellular,21,nov,1,-1,0,NA,11.42.05,11.51.01
4626,45,services,married,secondary,0,770,1,0,cellular,8,may,1,-1,0,NA,14.00.13,14.02.07
4627,33,admin.,married,secondary,0,30,1,0,telephone,5,may,2,-1,0,NA,9.54.21,9.56.26
4628,32,technician,single,tertiary,0,1710,1,0,cellular,15,may,1,175,3,other,12.13.30,12.20.49
4629,18,student,single,NA,0,348,0,0,cellular,5,may,4,-1,0,NA,10.47.11,10.54.34
4630,50,technician,divorced,NA,0,2794,0,0,cellular,12,aug,2,-1,0,NA,16.57.03,17.19.19
4631,37,management,married,tertiary,0,1276,0,0,cellular,16,nov,1,94,2,success,10.48.26,10.50.52
4632,29,self-employed,single,tertiary,0,3290,0,0,cellular,23,mar,1,291,2,success,10.17.28,10.19.44
4633,46,blue-collar,married,primary,0,648,0,0,cellular,14,aug,4,-1,0,NA,15.55.27,15.56.26
4634,54,unemployed,divorced,secondary,0,309,0,0,cellular,20,apr,1,-1,0,NA,14.03.08,14.07.09
4635,37,self-employed,married,secondary,1,0,1,0,cellular,17,jul,1,-1,0,NA,17.54.09,17.56.47
4636,49,self-employed,divorced,secondary,0,6116,1,0,cellular,21,nov,1,-1,0,NA,12.12.38,12.13.21
4637,34,management,single,tertiary,0,2646,0,0,cellular,14,apr,1,-1,0,NA,15.11.43,15.14.05
4638,29,services,married,secondary,0,1135,1,0,cellular,26,may,2,98,1,success,12.30.23,12.37.10
4639,33,unemployed,divorced,secondary,0,0,1,0,cellular,18,nov,2,-1,0,NA,13.26.34,13.28.05
4640,52,blue-collar,married,primary,0,281,1,0,cellular,16,apr,4,335,3,other,11.47.38,11.48.33
4641,32,self-employed,single,tertiary,0,2559,0,0,cellular,7,jul,1,-1,0,NA,15.01.06,15.15.55
4642,40,blue-collar,married,secondary,0,-648,1,0,cellular,21,nov,2,-1,0,NA,10.15.33,10.20.13
4643,56,unemployed,married,secondary,0,216,0,0,NA,19,jun,1,-1,0,NA,10.47.41,10.48.58
4644,43,management,married,secondary,0,10273,0,0,cellular,7,aug,2,-1,0,NA,14.56.56,15.02.55
4645,30,blue-collar,married,secondary,0,322,1,0,cellular,20,apr,2,326,1,other,11.46.33,11.49.43
4646,38,management,married,tertiary,0,0,1,0,telephone,12,dec,1,-1,0,NA,15.49.56,15.52.12
4647,48,management,married,primary,0,3230,1,0,telephone,20,nov,3,-1,0,NA,14.43.52,14.47.19
4648,52,technician,divorced,secondary,0,935,0,0,NA,1,jul,1,-1,0,NA,13.32.16,13.33.42
4649,30,services,married,secondary,0,-27,1,0,cellular,18,jul,1,-1,0,NA,11.25.08,11.26.13
4650,22,blue-collar,single,secondary,0,682,0,0,cellular,5,jun,2,91,1,success,9.32.32,9.34.38
4651,50,self-employed,divorced,tertiary,0,13,1,0,cellular,20,apr,1,-1,0,NA,11.44.45,11.46.01
4652,41,technician,single,secondary,0,30,0,0,NA,23,may,1,-1,0,NA,13.53.18,14.10.01
4653,32,blue-collar,married,primary,0,0,1,1,cellular,8,may,2,361,4,failure,10.22.35,10.23.57
4654,26,services,single,secondary,0,-189,0,1,cellular,17,jul,2,-1,0,NA,14.35.38,14.44.36
4655,55,retired,married,primary,0,3334,0,0,cellular,14,aug,4,-1,0,NA,15.58.39,16.09.11
4656,41,blue-collar,married,secondary,0,5517,1,0,cellular,10,jul,1,-1,0,NA,15.19.42,15.29.26
4657,60,retired,married,secondary,0,90,1,0,cellular,25,jul,3,-1,0,NA,16.20.47,16.21.28
4658,43,services,married,secondary,0,3608,1,0,NA,16,may,6,-1,0,NA,10.02.52,10.05.37
4659,35,unemployed,married,NA,0,144,0,0,cellular,30,jul,3,-1,0,NA,16.38.09,16.41.16
4660,29,blue-collar,married,secondary,0,7863,1,0,cellular,14,may,1,-1,0,NA,9.32.11,9.51.00
4661,30,management,married,tertiary,0,1185,1,0,cellular,21,jul,4,-1,0,NA,15.42.22,15.57.03
4662,44,technician,single,secondary,0,1548,1,0,cellular,21,nov,6,-1,0,NA,14.00.41,14.01.43
4663,34,admin.,single,secondary,0,0,1,0,NA,27,may,2,-1,0,NA,16.49.55,16.53.12
4664,39,blue-collar,married,secondary,0,130,1,0,NA,13,may,6,-1,0,NA,10.36.54,10.39.15
4665,29,technician,married,secondary,0,95,0,1,cellular,3,feb,3,-1,0,NA,17.53.46,17.56.38
4666,34,blue-collar,divorced,NA,0,172,0,0,cellular,15,jun,1,-1,0,NA,10.34.42,10.37.39
4667,81,retired,married,primary,0,1154,0,0,telephone,17,sep,1,-1,0,NA,12.59.53,13.03.44
4668,36,management,married,tertiary,0,9,0,0,cellular,11,aug,4,-1,0,NA,10.29.09,10.35.35
4669,64,retired,married,secondary,0,1574,0,0,telephone,29,jul,3,-1,0,NA,12.32.55,12.37.56
4670,40,technician,married,secondary,0,2338,0,0,cellular,16,oct,2,-1,0,NA,9.25.35,9.37.32
4671,47,management,married,tertiary,0,286,0,0,cellular,22,aug,7,-1,0,NA,11.22.25,11.31.42
4672,69,retired,married,secondary,0,0,0,0,cellular,27,jul,1,90,4,success,12.01.11,12.12.17
4673,55,unemployed,divorced,secondary,0,309,0,0,cellular,21,oct,2,184,1,success,17.50.54,17.58.41
4674,52,technician,married,secondary,0,117,0,0,cellular,26,feb,3,186,6,success,11.33.42,11.49.41
4675,57,self-employed,single,primary,0,6056,1,0,cellular,21,nov,5,-1,0,NA,14.43.55,14.44.13
4676,34,admin.,single,secondary,0,5057,1,0,cellular,19,nov,1,-1,0,NA,10.55.50,10.57.03
4677,26,management,single,tertiary,0,222,0,0,cellular,26,oct,1,120,3,success,9.57.02,10.02.20
4678,59,retired,married,primary,0,143,1,0,NA,19,jun,1,-1,0,NA,12.39.28,12.39.39
4679,29,management,single,tertiary,0,1377,0,0,cellular,8,apr,2,-1,0,NA,14.20.35,14.29.43
4680,40,blue-collar,married,primary,1,-23,0,1,cellular,7,jul,3,-1,0,NA,14.12.47,14.25.23
4681,36,blue-collar,married,primary,0,319,1,0,cellular,13,may,2,301,1,failure,12.22.45,12.35.39
4682,37,technician,married,secondary,0,0,1,1,cellular,15,jul,3,-1,0,NA,15.17.13,15.18.54
4683,44,admin.,married,secondary,0,-314,0,0,cellular,18,may,3,-1,0,NA,14.10.09,14.12.33
4684,70,retired,married,tertiary,0,44,0,0,cellular,18,sep,2,88,2,other,17.07.18,17.25.42
4685,52,retired,divorced,primary,0,-779,1,1,cellular,17,apr,1,-1,0,NA,11.18.35,11.30.24
4686,25,blue-collar,single,NA,0,431,1,0,cellular,16,apr,1,317,12,failure,15.39.22,15.47.35
4687,33,management,married,secondary,0,369,0,0,cellular,11,feb,1,-1,0,NA,13.03.16,13.10.42
4688,40,technician,married,tertiary,0,0,1,0,cellular,17,jul,3,-1,0,NA,13.21.44,13.28.07
4689,53,admin.,married,secondary,0,-197,1,1,NA,15,may,1,-1,0,NA,16.33.02,16.36.00
4690,54,technician,married,secondary,0,473,0,1,cellular,2,nov,1,81,1,failure,15.09.37,15.12.39
4691,45,admin.,married,secondary,0,1206,0,0,telephone,8,feb,1,446,3,failure,9.43.24,9.48.33
4692,34,admin.,married,secondary,0,1406,1,0,cellular,20,aug,2,85,1,success,10.51.08,10.52.11
4693,56,admin.,married,secondary,0,1694,0,0,cellular,21,aug,10,-1,0,NA,9.46.36,9.59.49
4694,51,blue-collar,married,primary,0,257,0,0,cellular,8,aug,4,-1,0,NA,11.27.22,11.34.55
4695,39,blue-collar,married,primary,0,1966,1,0,NA,21,may,1,-1,0,NA,12.52.15,12.55.16
4696,37,technician,married,secondary,0,24,1,0,cellular,13,aug,1,105,2,failure,16.01.17,16.03.33
4697,49,technician,married,tertiary,0,3726,0,0,cellular,5,aug,2,-1,0,NA,10.01.57,10.16.32
4698,47,services,single,secondary,0,917,0,0,cellular,29,jul,2,-1,0,NA,9.37.48,9.42.41
4699,53,admin.,divorced,secondary,0,28,1,1,cellular,12,may,4,-1,0,NA,13.23.16,13.34.29
4700,23,services,single,secondary,0,870,0,0,cellular,6,jul,4,-1,0,NA,13.58.55,14.04.11
4701,41,services,single,secondary,0,397,1,0,NA,20,may,15,-1,0,NA,17.53.25,17.53.44
4702,59,technician,married,secondary,0,259,0,0,cellular,18,mar,1,-1,0,NA,15.41.27,15.45.11
4703,57,retired,married,secondary,0,2774,0,0,cellular,18,aug,6,-1,0,NA,12.02.44,12.07.43
4704,35,management,single,tertiary,0,62,1,0,cellular,20,apr,3,-1,0,NA,11.35.07,11.38.40
4705,54,retired,married,primary,0,-58,0,0,cellular,12,may,4,-1,0,NA,11.45.27,11.47.50
4706,25,blue-collar,single,secondary,0,51,1,0,cellular,6,may,3,356,4,other,16.04.37,16.05.47
4707,49,blue-collar,married,primary,0,1644,1,0,cellular,25,jul,4,-1,0,NA,9.02.21,9.06.19
4708,43,management,married,tertiary,0,1258,0,0,NA,20,oct,1,-1,0,NA,15.56.51,16.02.03
4709,49,management,married,tertiary,0,64,0,0,NA,11,jun,1,-1,0,NA,14.54.24,15.04.10
4710,38,technician,married,secondary,0,217,0,1,cellular,16,jul,3,-1,0,NA,12.25.19,12.26.52
4711,35,services,divorced,secondary,0,543,1,0,cellular,22,jul,2,-1,0,NA,9.30.19,9.40.43
4712,35,admin.,single,tertiary,0,62,0,1,cellular,30,apr,1,-1,0,NA,17.35.21,17.36.28
4713,33,admin.,single,secondary,0,101,1,0,NA,6,may,1,-1,0,NA,13.16.17,13.22.49
4714,35,technician,married,secondary,0,4508,1,0,cellular,18,nov,1,-1,0,NA,14.25.06,14.39.20
4715,38,admin.,married,tertiary,0,293,0,0,cellular,15,apr,1,-1,0,NA,14.32.13,14.33.38
4716,49,technician,married,secondary,0,597,1,1,cellular,7,aug,2,-1,0,NA,17.31.13,17.33.47
4717,33,management,married,secondary,0,609,1,0,NA,21,may,2,-1,0,NA,9.14.11,9.18.10
4718,40,admin.,married,tertiary,0,1108,0,0,cellular,11,aug,2,112,1,success,13.24.31,13.27.21
4719,39,management,married,tertiary,0,1795,0,0,cellular,8,aug,7,-1,0,NA,17.41.47,17.57.09
4720,29,self-employed,single,tertiary,0,0,1,0,cellular,8,jul,1,-1,0,NA,13.51.22,13.55.13
4721,38,technician,married,tertiary,0,664,0,0,cellular,22,aug,2,-1,0,NA,10.19.59,10.24.01
4722,31,self-employed,single,tertiary,0,1536,1,0,cellular,13,may,1,-1,0,NA,16.48.54,16.55.22
4723,53,retired,married,primary,0,0,0,0,cellular,31,jul,3,-1,0,NA,16.16.40,16.18.05
4724,35,services,married,secondary,0,1317,1,0,NA,21,may,4,-1,0,NA,14.52.04,14.53.13
4725,34,unemployed,married,primary,0,309,0,0,cellular,5,feb,1,-1,0,NA,11.01.27,11.11.05
4726,59,housemaid,divorced,secondary,0,0,0,0,NA,17,jun,1,-1,0,NA,15.53.56,15.55.34
4727,36,technician,single,secondary,0,0,0,0,cellular,8,jul,1,-1,0,NA,9.41.36,9.43.37
4728,44,admin.,married,secondary,0,5181,1,1,cellular,31,jul,7,-1,0,NA,13.51.24,13.51.42
4729,29,management,single,tertiary,0,268,0,0,cellular,16,apr,1,-1,0,NA,10.35.24,10.46.31
4730,35,technician,married,tertiary,0,1629,0,0,cellular,25,jul,4,-1,0,NA,15.27.11,15.38.04
4731,39,services,married,secondary,0,186,1,0,cellular,17,apr,1,-1,0,NA,13.27.18,13.34.31
4732,50,blue-collar,married,primary,0,370,1,0,telephone,26,aug,6,-1,0,NA,15.20.11,15.20.50
4733,26,technician,single,secondary,0,237,1,0,cellular,4,may,3,-1,0,NA,12.37.47,12.55.58
4734,49,admin.,single,primary,0,655,1,0,cellular,13,may,5,-1,0,NA,11.14.58,11.15.30
4735,65,retired,married,secondary,0,2,0,0,cellular,14,apr,1,-1,0,NA,14.08.51,14.16.21
4736,43,blue-collar,married,primary,0,1579,1,0,telephone,11,may,1,284,4,other,17.51.01,17.53.57
4737,36,entrepreneur,married,tertiary,0,3057,0,0,NA,16,jun,4,-1,0,NA,16.25.58,17.12.07
4738,39,services,married,secondary,0,823,1,1,cellular,28,jul,2,-1,0,NA,16.53.58,17.06.58
4739,52,management,married,secondary,0,335,0,0,cellular,21,oct,1,182,1,failure,10.07.15,10.14.06
4740,55,admin.,married,secondary,0,-2,0,0,cellular,28,aug,1,-1,0,NA,9.29.10,9.30.26
4741,92,retired,married,NA,0,775,0,0,cellular,26,jan,4,96,3,success,9.28.53,9.31.37
4742,30,blue-collar,single,secondary,0,6900,0,0,cellular,21,nov,1,-1,0,NA,17.33.42,17.47.18
4743,33,unemployed,married,secondary,0,1211,0,0,cellular,11,feb,1,188,1,success,11.49.43,11.58.38
4744,54,technician,divorced,secondary,0,0,1,0,NA,16,may,1,-1,0,NA,14.10.23,14.13.04
4745,30,technician,single,tertiary,0,-3,1,0,cellular,24,jul,4,-1,0,NA,9.30.18,9.31.15
4746,25,student,single,secondary,0,2354,0,0,cellular,30,apr,1,84,7,success,14.17.02,14.19.31
4747,28,technician,single,tertiary,0,4253,1,0,cellular,4,feb,6,-1,0,NA,12.29.27,12.35.03
4748,28,student,single,secondary,0,0,0,0,cellular,20,apr,1,-1,0,NA,14.02.27,14.05.32
4749,56,blue-collar,married,secondary,0,1210,0,0,NA,11,jun,1,-1,0,NA,14.44.27,15.00.02
4750,37,technician,divorced,secondary,0,79,0,0,cellular,21,jul,1,-1,0,NA,12.26.24,12.29.35
4751,38,admin.,single,secondary,0,-327,0,0,cellular,22,jul,5,-1,0,NA,11.00.58,11.06.43
4752,50,management,married,primary,0,791,0,0,NA,9,jun,5,-1,0,NA,15.27.33,15.27.50
4753,32,management,single,tertiary,0,935,0,0,cellular,9,nov,1,91,7,success,11.06.05,11.08.50
4754,75,retired,married,secondary,0,291,0,0,cellular,11,feb,1,183,1,failure,9.59.54,10.08.29
4755,34,management,single,tertiary,0,1058,1,0,NA,28,may,2,-1,0,NA,9.08.08,9.22.32
4756,33,blue-collar,divorced,primary,0,176,1,0,NA,8,may,1,-1,0,NA,12.42.16,12.52.38
4757,34,management,single,tertiary,0,1228,0,0,cellular,5,feb,8,-1,0,NA,13.28.46,13.33.09
4758,37,admin.,single,secondary,0,309,1,0,cellular,15,may,3,-1,0,NA,17.22.14,17.23.12
4759,47,blue-collar,married,secondary,0,292,0,0,cellular,10,feb,1,-1,0,NA,11.50.42,11.55.19
4760,38,blue-collar,married,primary,0,1131,1,0,NA,29,may,3,-1,0,NA,13.13.59,13.15.41
4761,41,services,single,secondary,0,-675,1,1,cellular,18,mar,4,-1,0,NA,15.41.39,15.44.06
4762,33,management,married,secondary,0,3132,1,0,NA,23,may,5,-1,0,NA,16.50.00,16.55.50
4763,49,services,married,secondary,0,3554,0,0,cellular,4,aug,1,-1,0,NA,14.06.46,14.07.25
4764,43,admin.,married,secondary,0,-150,0,1,cellular,21,nov,2,136,3,failure,15.57.48,15.58.50
4765,34,services,single,secondary,0,-30,0,0,cellular,21,jul,3,-1,0,NA,17.25.10,17.47.50
4766,43,management,single,tertiary,0,-50,1,1,cellular,18,jul,2,-1,0,NA,9.07.14,9.07.44
4767,63,retired,married,secondary,0,1486,0,0,cellular,14,may,5,316,3,other,9.08.56,9.20.34
4768,39,blue-collar,married,primary,0,451,1,0,NA,20,may,1,-1,0,NA,15.59.59,16.06.22
4769,27,self-employed,single,tertiary,0,147,0,0,cellular,22,jun,5,-1,0,NA,16.11.39,16.13.30
4770,54,management,divorced,tertiary,0,487,1,0,NA,21,may,4,-1,0,NA,16.32.36,16.46.24
4771,48,technician,married,tertiary,0,443,1,0,cellular,8,may,2,-1,0,NA,11.56.32,12.00.27
4772,60,blue-collar,married,primary,0,631,0,0,cellular,12,aug,2,-1,0,NA,13.46.06,13.53.15
4773,32,admin.,married,secondary,0,3052,1,1,cellular,20,apr,3,151,4,failure,10.07.04,10.11.17
4774,49,blue-collar,married,secondary,0,3309,1,0,cellular,15,may,2,-1,0,NA,11.24.32,11.30.21
4775,47,housemaid,married,secondary,1,-1531,1,0,cellular,31,jul,8,-1,0,NA,11.29.17,11.31.53
4776,34,admin.,married,secondary,0,635,1,0,NA,26,may,1,-1,0,NA,11.26.25,11.30.32
4777,30,management,single,tertiary,0,872,1,0,cellular,15,may,1,298,2,failure,12.46.05,12.47.06
4778,57,housemaid,married,primary,0,571,0,0,cellular,26,mar,2,-1,0,NA,10.21.33,10.24.34
4779,31,services,married,secondary,0,393,0,0,cellular,14,jul,2,-1,0,NA,11.00.30,11.05.58
4780,35,admin.,single,secondary,0,507,1,0,cellular,22,jul,2,-1,0,NA,17.36.28,17.45.48
4781,35,blue-collar,married,primary,0,2953,1,0,telephone,6,may,2,-1,0,NA,14.52.33,14.54.10
4782,60,management,married,secondary,0,544,0,0,cellular,12,jun,7,357,2,failure,13.21.50,13.23.25
4783,33,blue-collar,married,secondary,0,1240,1,0,cellular,12,may,1,-1,0,NA,9.18.53,9.32.57
4784,56,management,married,secondary,0,0,0,0,cellular,27,oct,1,111,8,other,14.29.05,14.34.03
4785,44,management,single,tertiary,0,1206,0,0,cellular,9,jul,2,-1,0,NA,13.34.04,13.36.44
4786,33,management,single,tertiary,0,3161,1,0,cellular,2,apr,3,-1,0,NA,10.02.43,10.07.56
4787,66,retired,married,tertiary,0,908,0,0,cellular,28,jan,2,-1,0,NA,14.35.40,14.38.16
4788,53,admin.,divorced,NA,0,236,1,0,NA,7,may,1,-1,0,NA,10.51.31,10.57.25
4789,62,retired,married,tertiary,0,2557,1,0,cellular,10,nov,1,57,8,success,17.51.15,17.57.59
4790,60,retired,married,primary,0,155,0,0,cellular,25,aug,7,-1,0,NA,17.11.19,17.13.14
4791,35,admin.,married,primary,0,189,1,0,cellular,11,may,1,-1,0,NA,16.15.31,16.17.06
4792,31,admin.,single,secondary,0,144,1,0,NA,4,jul,11,-1,0,NA,9.40.54,9.41.37
4793,37,self-employed,married,secondary,0,487,0,1,cellular,27,aug,15,-1,0,NA,9.29.55,9.32.30
4794,36,admin.,divorced,secondary,0,-611,1,0,NA,27,may,1,-1,0,NA,9.31.19,9.35.01
4795,36,technician,divorced,secondary,0,1,0,0,cellular,8,aug,3,-1,0,NA,9.51.58,10.12.40
4796,27,technician,single,secondary,0,3267,0,1,cellular,31,jul,13,-1,0,NA,15.18.13,15.19.15
4797,41,technician,married,secondary,0,4004,0,0,cellular,17,apr,2,-1,0,NA,12.40.36,12.45.50
4798,41,management,divorced,tertiary,0,1757,0,0,cellular,26,aug,13,-1,0,NA,17.11.10,17.19.45
4799,37,management,married,tertiary,0,675,0,0,cellular,26,aug,13,-1,0,NA,14.48.29,14.49.18
4800,33,management,married,secondary,0,3935,1,0,cellular,6,may,1,342,2,failure,10.38.22,10.51.07
4801,38,blue-collar,single,primary,0,350,1,0,NA,21,may,1,-1,0,NA,16.15.12,16.15.47
4802,71,retired,divorced,NA,0,392,0,0,telephone,7,jul,2,-1,0,NA,15.38.42,15.43.18
4803,34,technician,married,tertiary,0,178,1,0,cellular,18,nov,1,-1,0,NA,16.11.59,16.13.24
4804,28,blue-collar,single,secondary,0,524,1,0,cellular,6,may,2,-1,0,NA,13.00.26,13.09.40
4805,35,technician,married,tertiary,0,16,1,0,cellular,5,may,5,-1,0,NA,12.45.21,12.46.04
4806,42,technician,married,tertiary,0,757,0,0,cellular,10,feb,1,-1,0,NA,10.28.40,10.31.14
4807,45,management,married,tertiary,0,0,0,0,cellular,14,aug,2,-1,0,NA,17.43.18,17.44.22
4808,75,retired,married,primary,0,358,0,0,cellular,17,feb,11,-1,0,NA,13.20.47,13.26.51
4809,27,management,single,secondary,0,116,1,0,cellular,6,feb,2,-1,0,NA,10.42.12,10.44.30
4810,30,management,married,tertiary,0,8089,1,0,cellular,18,mar,2,294,2,failure,10.16.04,10.19.56
4811,60,management,married,primary,0,252,1,1,cellular,13,apr,2,147,3,failure,13.37.56,13.39.59
4812,46,admin.,divorced,secondary,0,-454,1,0,NA,26,may,1,-1,0,NA,11.54.31,11.56.31
4813,25,student,single,secondary,0,3090,0,0,cellular,21,aug,1,-1,0,NA,12.59.16,13.01.35
4814,52,admin.,divorced,secondary,0,363,1,0,cellular,21,aug,1,462,1,success,16.06.35,16.09.23
4815,42,management,divorced,tertiary,0,0,0,0,NA,6,jun,1,-1,0,NA,10.25.01,10.26.02
4816,69,retired,divorced,tertiary,0,247,0,0,cellular,22,apr,2,-1,0,NA,12.15.11,12.17.29
4817,51,entrepreneur,married,primary,0,805,1,0,cellular,8,aug,4,-1,0,NA,12.33.18,12.35.30
4818,39,technician,single,secondary,0,709,1,0,cellular,10,jul,1,-1,0,NA,10.42.35,10.49.56
4819,56,unemployed,married,primary,0,0,1,0,NA,26,may,1,-1,0,NA,16.39.46,16.43.56
4820,36,services,married,secondary,0,3064,1,0,telephone,11,may,4,-1,0,NA,15.30.32,15.49.35
4821,47,unemployed,married,secondary,0,926,0,0,cellular,14,aug,1,403,5,success,16.20.55,16.28.11
4822,29,management,single,tertiary,0,0,1,0,cellular,13,may,1,351,1,failure,16.27.20,16.29.55
4823,51,admin.,married,secondary,0,255,0,0,cellular,29,aug,2,-1,0,NA,9.52.51,9.55.29
4824,37,management,married,tertiary,0,0,0,0,cellular,15,jan,2,196,1,other,10.09.52,10.16.58
4825,55,blue-collar,married,NA,0,890,0,0,cellular,22,aug,2,-1,0,NA,14.23.54,14.46.03
4826,42,admin.,single,secondary,0,734,1,0,cellular,16,apr,2,317,3,failure,11.17.36,11.23.08
4827,59,technician,married,secondary,0,259,0,0,cellular,15,jun,1,89,1,success,15.03.38,15.10.33
4828,28,blue-collar,married,primary,0,-65,1,0,cellular,4,may,4,-1,0,NA,15.30.34,15.32.04
4829,28,admin.,single,secondary,0,2290,1,0,cellular,18,may,1,-1,0,NA,17.05.22,17.43.43
4830,48,management,married,tertiary,0,1093,1,1,cellular,13,oct,2,-1,0,NA,10.01.44,10.22.10
4831,57,retired,married,tertiary,0,34,0,1,cellular,28,jan,1,-1,0,NA,11.05.56,11.08.15
4832,32,management,single,tertiary,0,2360,0,0,cellular,3,feb,2,160,5,other,10.58.07,11.00.39
4833,57,technician,married,NA,0,1617,1,0,NA,7,may,2,-1,0,NA,14.48.53,14.50.29
4834,30,services,married,secondary,0,152,1,0,NA,9,may,2,-1,0,NA,13.41.14,13.43.09
4835,46,blue-collar,married,secondary,0,1723,0,0,cellular,26,apr,3,192,4,other,13.34.45,13.36.27
4836,62,management,divorced,tertiary,0,5943,0,0,telephone,17,feb,4,-1,0,NA,10.29.09,10.32.25
4837,37,blue-collar,married,secondary,0,125,0,0,NA,26,may,2,-1,0,NA,9.39.39,9.50.58
4838,49,technician,single,secondary,0,1377,0,0,cellular,5,aug,1,-1,0,NA,12.46.26,13.02.01
4839,36,management,married,tertiary,0,1133,1,0,cellular,4,aug,1,181,2,other,12.33.46,12.38.39
4840,28,student,single,tertiary,0,0,0,0,cellular,28,sep,2,105,7,other,9.51.22,9.56.16
4841,25,services,single,secondary,0,402,0,1,cellular,7,jul,1,-1,0,NA,13.17.24,13.21.48
4842,38,technician,married,secondary,0,865,1,0,cellular,30,apr,3,-1,0,NA,11.08.26,11.16.49
4843,27,admin.,single,secondary,0,4745,0,0,telephone,12,nov,4,192,1,other,14.39.23,14.46.14
4844,34,management,married,tertiary,0,3047,0,0,cellular,30,apr,1,160,5,other,16.19.26,16.24.43
4845,40,blue-collar,married,primary,0,0,0,0,cellular,24,jul,1,-1,0,NA,17.50.53,17.56.06
4846,36,blue-collar,married,secondary,0,1828,1,0,telephone,17,oct,1,-1,0,NA,9.54.11,9.54.35
4847,34,management,married,tertiary,0,2037,0,0,cellular,15,dec,2,-1,0,NA,17.09.51,17.15.15
4848,45,management,married,tertiary,0,21024,1,0,cellular,20,apr,4,-1,0,NA,13.46.13,13.47.26
4849,43,management,divorced,tertiary,0,0,1,0,cellular,21,jul,1,-1,0,NA,16.16.26,16.18.17
4850,47,management,married,tertiary,0,109,1,0,cellular,22,jul,1,-1,0,NA,12.29.07,12.33.35
4851,35,technician,divorced,secondary,0,5724,1,0,NA,30,may,10,-1,0,NA,11.48.49,12.00.20
4852,41,services,divorced,secondary,0,840,1,0,cellular,2,feb,1,-1,0,NA,10.31.56,10.47.34
4853,34,self-employed,married,secondary,0,1813,0,0,cellular,4,may,5,-1,0,NA,12.49.49,12.55.59
4854,23,services,single,secondary,0,425,1,0,NA,3,jun,1,-1,0,NA,16.25.19,16.38.07
4855,48,management,married,tertiary,0,1741,1,1,telephone,18,nov,1,-1,0,NA,13.17.20,13.18.00
4856,22,student,single,NA,0,3317,0,0,cellular,10,aug,1,-1,0,NA,13.07.01,13.09.29
4857,60,retired,married,secondary,0,197,0,0,cellular,7,oct,1,-1,0,NA,14.54.15,15.17.21
4858,38,blue-collar,single,primary,0,0,1,0,cellular,17,apr,1,-1,0,NA,12.09.35,12.22.30
4859,28,self-employed,single,tertiary,0,805,0,0,cellular,16,feb,1,-1,0,NA,10.15.25,10.20.56
4860,36,unemployed,single,primary,0,1729,0,0,cellular,21,nov,1,-1,0,NA,11.45.51,11.51.32
4861,29,services,single,secondary,0,887,0,0,cellular,4,feb,1,-1,0,NA,15.05.58,15.11.41
4862,37,management,single,tertiary,0,33,1,0,cellular,12,mar,1,-1,0,NA,15.07.38,15.10.44
4863,24,blue-collar,married,secondary,0,685,1,0,NA,26,may,3,-1,0,NA,10.20.26,10.35.22
4864,31,admin.,single,secondary,0,0,0,0,cellular,17,apr,3,-1,0,NA,15.18.50,15.21.58
4865,33,technician,single,tertiary,0,34,0,0,cellular,28,aug,30,-1,0,NA,17.54.05,17.54.18
4866,43,blue-collar,single,primary,0,-234,1,1,NA,2,jun,1,-1,0,NA,14.19.57,14.28.58
4867,31,management,single,tertiary,0,6413,0,0,cellular,13,aug,2,-1,0,NA,12.45.10,12.53.47
4868,77,management,married,NA,0,1780,1,0,cellular,23,oct,2,183,3,success,15.31.06,15.34.47
4869,30,blue-collar,divorced,primary,0,1,1,0,NA,6,jun,9,-1,0,NA,11.56.50,11.57.53
4870,54,management,divorced,tertiary,0,-125,0,1,cellular,8,aug,2,-1,0,NA,13.23.11,13.24.58
4871,25,technician,single,secondary,0,1199,0,0,cellular,1,jun,1,-1,0,NA,13.41.58,13.46.45
4872,47,blue-collar,married,secondary,0,3715,0,0,cellular,12,feb,2,182,4,other,17.38.13,17.41.04
4873,43,admin.,married,tertiary,0,1924,1,0,NA,7,may,7,-1,0,NA,10.17.53,10.21.57
4874,59,unemployed,divorced,secondary,0,2026,0,0,cellular,2,jun,1,-1,0,NA,14.50.22,14.56.57
4875,32,technician,single,tertiary,0,35,0,0,cellular,20,aug,8,-1,0,NA,13.25.27,13.27.03
4876,31,admin.,single,secondary,0,144,1,0,cellular,21,nov,2,140,11,failure,12.02.57,12.03.48
4877,54,entrepreneur,married,secondary,0,653,1,0,NA,15,may,1,-1,0,NA,10.45.48,10.51.40
4878,43,admin.,single,secondary,0,733,1,0,cellular,19,nov,3,-1,0,NA,15.38.24,15.56.46
4879,27,management,single,tertiary,0,390,0,0,cellular,9,feb,2,104,2,failure,10.38.06,10.40.06
4880,24,admin.,single,secondary,0,507,1,0,NA,13,may,3,-1,0,NA,16.05.15,16.08.45
4881,36,services,single,secondary,0,328,1,0,cellular,13,may,3,-1,0,NA,13.08.45,13.11.59
4882,25,technician,single,secondary,0,139,0,1,cellular,11,jan,1,91,1,success,13.34.26,13.37.48
4883,40,admin.,divorced,secondary,0,4,0,0,cellular,30,jul,3,-1,0,NA,14.27.02,14.28.05
4884,32,technician,married,secondary,0,444,0,0,cellular,29,aug,2,-1,0,NA,13.21.47,13.22.50
4885,34,management,divorced,tertiary,0,582,0,0,cellular,20,nov,3,-1,0,NA,13.16.17,13.19.46
4886,56,blue-collar,married,secondary,0,1119,1,0,cellular,14,aug,2,-1,0,NA,16.30.37,16.35.02
4887,55,management,divorced,tertiary,0,0,0,0,cellular,22,oct,5,-1,0,NA,10.00.26,10.06.26
4888,50,admin.,married,secondary,0,-185,0,0,cellular,2,feb,1,-1,0,NA,10.11.36,10.13.13
4889,29,management,married,tertiary,0,1387,1,0,cellular,18,may,2,-1,0,NA,10.59.24,11.03.40
4890,19,student,single,secondary,0,291,0,0,telephone,5,may,5,-1,0,NA,13.19.54,13.24.45
4891,60,housemaid,married,primary,0,921,0,0,telephone,30,jul,15,-1,0,NA,11.33.40,11.34.03
4892,56,retired,divorced,primary,0,48,1,0,cellular,14,may,2,-1,0,NA,17.55.44,17.57.56
4893,34,services,married,secondary,0,88,1,1,NA,29,may,2,-1,0,NA,16.14.04,16.15.26
4894,29,blue-collar,single,secondary,0,415,0,1,cellular,28,jan,1,-1,0,NA,17.58.39,18.01.20
4895,57,technician,married,secondary,0,124,1,0,telephone,11,may,1,287,12,failure,12.23.21,12.28.17
4896,36,management,married,tertiary,0,1584,1,0,cellular,18,jul,1,-1,0,NA,15.57.45,16.00.43
4897,44,services,married,secondary,0,744,1,0,NA,29,may,1,-1,0,NA,14.20.49,14.30.23
4898,32,technician,single,tertiary,0,550,0,0,cellular,19,nov,1,-1,0,NA,17.13.39,17.19.16
4899,56,management,married,tertiary,0,616,0,0,cellular,6,feb,1,-1,0,NA,11.40.08,11.42.44
4900,58,blue-collar,married,primary,0,3108,0,1,cellular,21,nov,1,-1,0,NA,9.43.06,9.43.59
4901,39,admin.,married,secondary,0,732,0,0,cellular,23,apr,4,-1,0,NA,16.45.35,16.54.17
4902,37,management,married,tertiary,0,23,1,0,NA,26,may,2,-1,0,NA,14.03.35,14.10.24
4903,32,management,married,tertiary,0,4761,1,0,cellular,5,may,2,350,2,failure,10.17.56,10.20.35
4904,27,unemployed,single,secondary,0,0,1,0,cellular,6,may,1,-1,0,NA,12.09.30,12.12.03
4905,58,NA,married,tertiary,0,327,0,0,telephone,18,jan,4,-1,0,NA,16.34.19,16.36.23
4906,35,technician,married,secondary,0,0,0,0,cellular,20,nov,1,-1,0,NA,10.03.52,10.08.03
4907,34,management,married,tertiary,0,580,1,0,cellular,10,jul,1,-1,0,NA,14.34.30,14.40.50
4908,25,admin.,single,tertiary,0,3730,1,0,cellular,27,feb,1,-1,0,NA,17.06.37,17.12.30
4909,50,blue-collar,married,NA,0,1537,0,0,NA,17,jun,6,-1,0,NA,12.24.31,12.24.55
4910,59,blue-collar,married,primary,0,8,0,0,telephone,28,jan,1,-1,0,NA,13.07.47,13.08.43
4911,50,services,married,secondary,0,1321,0,0,NA,17,jun,2,-1,0,NA,14.19.32,14.24.03
4912,79,retired,married,secondary,0,723,0,0,telephone,22,jun,3,-1,0,NA,10.11.34,10.16.29
4913,36,management,single,tertiary,0,538,0,0,cellular,23,jun,1,183,5,success,15.07.21,15.13.00
4914,31,blue-collar,married,secondary,0,2,1,0,cellular,10,jul,1,-1,0,NA,13.51.32,13.57.43
4915,47,admin.,single,tertiary,0,178,0,0,telephone,5,feb,6,-1,0,NA,13.36.26,13.36.43
4916,78,retired,divorced,primary,0,1389,0,0,cellular,8,apr,1,-1,0,NA,17.00.44,17.06.19
4917,45,unemployed,married,secondary,0,891,1,0,NA,7,jan,1,-1,0,NA,10.14.08,10.16.06
4918,35,management,divorced,secondary,0,124,1,0,cellular,16,apr,4,146,5,failure,13.42.16,13.43.04
4919,54,blue-collar,married,primary,0,24,1,0,NA,15,may,1,-1,0,NA,10.35.40,10.36.14
4920,35,technician,single,tertiary,0,992,1,0,telephone,12,feb,1,170,4,failure,14.46.45,15.10.21
4921,75,retired,married,secondary,0,291,0,0,cellular,12,aug,1,182,2,success,11.30.29,11.36.19
4922,45,admin.,married,secondary,0,840,1,0,NA,30,may,3,-1,0,NA,16.23.33,16.24.27
4923,35,blue-collar,married,secondary,0,0,1,0,cellular,17,apr,1,-1,0,NA,9.59.28,10.02.51
4924,40,management,married,tertiary,0,542,1,0,cellular,20,nov,1,-1,0,NA,14.00.58,14.31.14
4925,30,management,married,tertiary,0,1567,1,0,cellular,12,aug,4,-1,0,NA,13.40.25,13.59.18
4926,32,management,married,tertiary,0,1388,1,0,cellular,30,apr,1,-1,0,NA,11.05.23,11.17.56
4927,32,entrepreneur,married,tertiary,0,281,1,0,telephone,20,apr,5,349,2,failure,10.02.28,10.02.46
4928,36,self-employed,single,tertiary,0,3560,0,0,NA,2,jun,2,-1,0,NA,16.58.34,17.05.23
4929,56,management,divorced,primary,0,26,1,0,cellular,13,may,4,359,2,other,10.40.09,10.43.23
4930,50,entrepreneur,married,tertiary,0,-168,1,0,cellular,23,jul,2,-1,0,NA,16.59.46,17.21.53
4931,56,services,married,primary,0,966,0,1,cellular,10,jul,1,-1,0,NA,9.58.07,9.59.15
4932,30,management,married,tertiary,0,1235,0,0,cellular,28,jan,2,-1,0,NA,17.29.50,17.31.49
4933,31,services,single,secondary,0,1987,1,0,telephone,20,nov,2,-1,0,NA,14.51.35,14.52.30
4934,37,services,single,secondary,0,-244,0,0,NA,3,jul,1,-1,0,NA,13.33.28,13.36.26
4935,48,admin.,married,secondary,0,156,0,0,cellular,4,aug,1,-1,0,NA,11.34.28,11.39.19
4936,59,entrepreneur,married,secondary,0,496,0,0,cellular,22,oct,3,183,1,success,10.59.43,11.12.01
4937,44,management,divorced,tertiary,1,-411,1,0,NA,2,jun,4,-1,0,NA,13.23.01,13.30.13
4938,75,NA,married,tertiary,0,643,0,0,cellular,15,oct,2,-1,0,NA,13.14.35,13.23.17
4939,37,admin.,divorced,secondary,0,1533,1,0,cellular,21,nov,4,-1,0,NA,13.22.32,13.31.47
4940,30,unemployed,single,tertiary,0,306,0,0,NA,26,may,14,-1,0,NA,16.13.40,16.19.52
4941,80,retired,divorced,primary,0,235,0,0,cellular,31,mar,1,223,3,other,13.17.12,13.26.49
4942,77,retired,married,primary,0,2590,0,0,telephone,12,aug,1,178,20,failure,14.56.15,15.02.00
4943,43,technician,married,tertiary,0,0,0,0,cellular,4,aug,2,-1,0,NA,10.50.08,11.14.56
4944,45,blue-collar,single,secondary,0,91,0,1,cellular,18,nov,1,127,2,failure,13.14.58,13.17.27
4945,35,entrepreneur,married,secondary,0,350,1,0,NA,21,may,1,-1,0,NA,16.57.58,17.03.43
4946,42,blue-collar,married,secondary,0,1598,1,1,cellular,16,apr,2,-1,0,NA,14.15.54,14.40.17
4947,41,blue-collar,married,secondary,0,-217,1,0,cellular,11,may,1,349,3,other,10.30.25,10.35.38
4948,80,retired,married,secondary,0,8304,0,0,telephone,9,jun,1,64,12,failure,10.21.07,10.32.59
4949,30,technician,single,secondary,0,54,0,0,cellular,11,aug,2,-1,0,NA,11.59.49,12.03.03
4950,41,technician,married,secondary,0,636,1,0,cellular,21,nov,1,177,1,other,10.33.17,10.50.52
4951,57,retired,married,secondary,0,1794,0,1,NA,20,jun,3,-1,0,NA,10.34.38,10.34.51
4952,54,management,married,tertiary,0,3395,0,0,cellular,7,aug,2,-1,0,NA,14.54.32,14.57.51
4953,68,retired,married,tertiary,0,2820,0,0,cellular,3,dec,1,97,2,failure,10.03.49,10.06.23
4954,45,blue-collar,married,secondary,0,103,0,0,NA,18,jun,1,-1,0,NA,17.22.25,17.23.13
4955,31,technician,single,secondary,0,506,0,0,cellular,21,aug,4,-1,0,NA,11.51.09,11.51.52
4956,41,management,married,tertiary,0,3872,0,0,cellular,15,oct,1,-1,0,NA,12.53.58,12.57.49
4957,33,technician,married,secondary,0,711,0,0,cellular,4,dec,2,-1,0,NA,13.38.33,13.39.51
4958,25,blue-collar,single,secondary,0,495,0,0,cellular,7,jul,3,-1,0,NA,9.48.20,9.50.31
4959,29,technician,single,tertiary,0,3,1,0,NA,7,may,1,-1,0,NA,9.05.28,9.11.27
4960,24,technician,married,secondary,0,556,1,0,cellular,18,aug,2,-1,0,NA,10.38.36,10.46.16
4961,30,technician,married,tertiary,0,14355,0,0,cellular,7,aug,2,-1,0,NA,12.07.35,12.11.39
4962,34,unemployed,married,secondary,0,1243,1,1,cellular,8,may,4,-1,0,NA,9.20.11,9.22.48
4963,39,management,married,tertiary,0,151,1,0,NA,21,may,1,-1,0,NA,17.20.30,17.32.02
4964,27,admin.,single,secondary,0,691,1,0,NA,3,jun,2,-1,0,NA,15.21.02,15.28.00
4965,55,blue-collar,married,primary,0,-636,1,0,telephone,13,may,5,348,3,failure,12.44.30,12.44.45
4966,31,technician,single,secondary,0,1062,0,0,cellular,18,nov,1,-1,0,NA,16.13.55,16.27.50
4967,54,technician,single,tertiary,0,467,1,0,cellular,18,jul,3,-1,0,NA,9.52.29,10.03.43
4968,48,blue-collar,married,secondary,0,904,1,0,NA,5,may,2,-1,0,NA,15.18.30,15.20.38
4969,79,retired,married,secondary,0,668,0,0,telephone,2,jul,1,-1,0,NA,14.25.51,14.31.54
4970,45,blue-collar,married,primary,0,180,1,1,NA,29,may,1,-1,0,NA,9.43.34,9.46.04
4971,56,retired,married,primary,0,340,1,0,cellular,21,jul,1,-1,0,NA,9.14.13,9.34.33
4972,38,unemployed,married,primary,0,890,1,0,cellular,5,feb,2,-1,0,NA,16.33.22,16.34.05
4973,62,housemaid,married,NA,0,2021,0,0,telephone,26,feb,1,-1,0,NA,11.36.31,11.42.32
4974,83,housemaid,divorced,primary,0,5944,0,0,cellular,30,jul,3,-1,0,NA,12.40.31,12.43.51
4975,33,student,single,tertiary,0,882,1,0,cellular,6,feb,1,-1,0,NA,11.20.01,11.25.12
4976,50,entrepreneur,married,secondary,0,78,0,0,telephone,4,jun,1,-1,0,NA,16.42.22,16.44.45
4977,53,entrepreneur,married,secondary,0,230,1,0,cellular,4,feb,2,250,1,other,9.17.21,9.18.17
4978,28,management,single,tertiary,0,3285,1,0,NA,9,may,1,-1,0,NA,9.27.45,9.29.23
4979,30,admin.,divorced,secondary,0,377,1,0,NA,4,jun,15,-1,0,NA,14.04.32,14.13.16
4980,51,admin.,single,secondary,0,726,1,0,cellular,27,apr,8,-1,0,NA,12.12.01,12.13.30
4981,55,technician,divorced,secondary,0,184,0,0,NA,13,may,1,-1,0,NA,15.04.11,15.04.29
4982,53,technician,married,secondary,0,9146,0,0,cellular,13,aug,4,-1,0,NA,10.52.10,10.54.26
4983,31,services,single,secondary,0,-475,1,0,telephone,12,may,3,-1,0,NA,16.36.34,16.40.26
4984,40,blue-collar,married,primary,0,254,1,0,cellular,7,jul,3,-1,0,NA,9.07.34,9.09.21
4985,35,blue-collar,married,NA,0,568,1,0,cellular,14,may,2,293,1,failure,17.27.57,17.29.56
4986,25,student,single,secondary,0,2975,0,0,cellular,2,sep,2,-1,0,NA,14.49.12,15.02.31
4987,53,retired,married,secondary,0,357,0,0,NA,18,jun,2,-1,0,NA,11.41.30,11.44.04
4988,33,technician,married,tertiary,0,0,0,0,cellular,30,apr,2,-1,0,NA,10.51.58,10.55.45
4989,41,blue-collar,single,primary,0,-206,0,0,NA,20,jun,1,-1,0,NA,16.02.44,16.08.26
4990,37,services,married,secondary,0,1543,1,0,cellular,22,may,1,10,6,failure,14.41.32,14.46.30
4991,35,admin.,married,secondary,0,1254,1,1,cellular,1,jul,2,-1,0,NA,11.36.14,11.38.26
4992,32,admin.,married,secondary,0,366,0,0,cellular,14,jan,2,-1,0,NA,17.50.14,17.56.20
4993,45,admin.,married,secondary,1,-106,1,1,cellular,7,may,3,288,1,other,14.35.31,14.44.44
4994,41,services,married,secondary,0,138,1,0,NA,1,jul,3,-1,0,NA,14.33.09,14.35.25
4995,35,blue-collar,married,secondary,0,293,1,0,cellular,17,apr,1,325,1,other,10.47.43,11.04.40
4996,31,admin.,single,secondary,0,131,1,0,cellular,15,jun,1,-1,0,NA,13.54.24,13.56.55
4997,52,management,married,tertiary,0,2635,0,0,cellular,6,sep,1,108,8,success,13.13.38,13.18.51
4998,46,technician,married,tertiary,0,3009,0,0,cellular,4,aug,2,-1,0,NA,10.23.35,10.24.33
4999,60,retired,married,secondary,0,7038,0,0,telephone,7,oct,4,-1,0,NA,17.01.49,17.04.07
5000,28,management,single,tertiary,0,957,0,0,cellular,25,may,2,-1,0,NA,12.15.19,12.30.34
